point,transect,x,y,z
1,A,0.5249,-23.5082,-9.0654
2,A,0.5229,-23.4984,-9.0577
3,A,0.5209,-23.4886,-8.9589
4,A,0.5189,-23.4788,-8.8941
5,A,0.5168,-23.4690,-8.8852
6,A,0.5148,-23.4592,-8.8868
7,A,0.5128,-23.4494,-8.9543
8,A,0.5108,-23.4396,-9.0433
9,A,0.5088,-23.4298,-9.0361
10,A,0.5068,-23.4200,-8.9787
11,A,0.5048,-23.4102,-8.8593
12,A,0.5027,-23.4004,-8.8787
13,A,0.5007,-23.3905,-8.8762
14,A,0.4987,-23.3807,-8.8778
15,A,0.4967,-23.3709,-8.8807
16,A,0.4947,-23.3611,-8.8890
17,A,0.4927,-23.3513,-9.0375
18,A,0.4906,-23.3415,-8.8548
19,A,0.4886,-23.3317,-8.8476
20,A,0.4866,-23.3219,-8.8476
21,A,0.4846,-23.3121,-8.8485
22,A,0.4826,-23.3023,-9.0021
23,A,0.4806,-23.2925,0.0000
24,A,0.4785,-23.2827,-8.8394
25,A,0.4765,-23.2729,-8.8434
26,A,0.4745,-23.2631,-8.8576
27,A,0.4725,-23.2533,-8.8785
28,A,0.4705,-23.2435,-8.8816
29,A,0.4685,-23.2337,-8.9077
30,A,0.4664,-23.2239,-8.9228
31,A,0.4644,-23.2141,-8.8440
32,A,0.4624,-23.2043,-8.8356
33,A,0.4604,-23.1944,-8.8350
34,A,0.4584,-23.1846,-8.8368
35,A,0.4564,-23.1748,-8.8428
36,A,0.4544,-23.1650,-8.8482
37,A,0.4523,-23.1552,-8.8520
38,A,0.4503,-23.1454,-8.8567
39,A,0.4483,-23.1356,-8.8260
40,A,0.4463,-23.1258,-8.8236
41,A,0.4443,-23.1160,-8.8236
42,A,0.4423,-23.1062,-8.8099
43,A,0.4402,-23.0964,-8.8028
44,A,0.4382,-23.0866,-8.8005
45,A,0.4362,-23.0768,-8.8000
46,A,0.4342,-23.0670,-8.8005
47,A,0.4322,-23.0572,-8.8132
48,A,0.4302,-23.0474,-8.8178
49,A,0.4281,-23.0376,-8.8344
50,A,0.4261,-23.0278,-8.8363
51,A,0.4241,-23.0180,-8.8063
52,A,0.4221,-23.0082,-8.8024
53,A,0.4201,-22.9983,-8.8058
54,A,0.4181,-22.9885,-8.8426
55,A,0.4161,-22.9787,-8.8697
56,A,0.4140,-22.9689,-8.8680
57,A,0.4120,-22.9591,-8.8585
58,A,0.4100,-22.9493,-8.8454
59,A,0.4080,-22.9395,-8.8479
60,A,0.4060,-22.9297,-8.8381
61,A,0.4040,-22.9199,-8.8294
62,A,0.4019,-22.9101,-8.8202
63,A,0.3999,-22.9003,-8.8176
64,A,0.3979,-22.8905,-8.8176
65,A,0.3959,-22.8807,-8.8188
66,A,0.3939,-22.8709,-8.8239
67,A,0.3919,-22.8611,-8.8268
68,A,0.3898,-22.8513,-8.9429
69,A,0.3878,-22.8415,-8.9348
70,A,0.3858,-22.8317,-8.9348
71,A,0.3838,-22.8219,-8.9359
72,A,0.3818,-22.8121,-8.9781
73,A,0.3798,-22.8022,-9.0215
74,A,0.3778,-22.7924,-9.0115
75,A,0.3757,-22.7826,-9.0026
76,A,0.3737,-22.7728,-8.9926
77,A,0.3717,-22.7630,-9.0085
78,A,0.3697,-22.7532,-9.0130
79,A,0.3677,-22.7434,-9.0208
80,A,0.3657,-22.7336,-9.1926
81,A,0.3636,-22.7238,-9.1681
82,A,0.3616,-22.7140,-9.1624
83,A,0.3596,-22.7042,-9.1639
84,A,0.3576,-22.6944,-9.1695
85,A,0.3556,-22.6846,-9.1878
86,A,0.3536,-22.6748,-9.2515
87,A,0.3515,-22.6650,-9.2463
88,A,0.3495,-22.6552,-9.2560
89,A,0.3475,-22.6454,-9.2673
90,A,0.3455,-22.6356,-9.3259
91,A,0.3435,-22.6258,-9.3174
92,A,0.3415,-22.6160,-9.3174
93,A,0.3395,-22.6062,-9.3193
94,A,0.3374,-22.5963,-9.3155
95,A,0.3354,-22.5865,-9.3144
96,A,0.3334,-22.5767,-9.3144
97,A,0.3314,-22.5669,-9.3386
98,A,0.3294,-22.5571,-9.3360
99,A,0.3274,-22.5473,-9.3450
100,A,0.3253,-22.5375,-9.4125
101,A,0.3233,-22.5277,-9.5816
102,A,0.3213,-22.5179,-9.5823
103,A,0.3193,-22.5081,-9.5765
104,A,0.3173,-22.4983,-9.5776
105,A,0.3153,-22.4885,-9.6033
106,A,0.3132,-22.4787,-9.6312
107,A,0.3112,-22.4689,-9.6402
108,A,0.3092,-22.4591,-9.6552
109,A,0.3072,-22.4493,-9.6603
110,A,0.3052,-22.4395,-9.6457
111,A,0.3032,-22.4297,-9.6456
112,A,0.3012,-22.4199,-9.6456
113,A,0.2991,-22.4101,-9.6480
114,A,0.2971,-22.4002,-9.6701
115,A,0.2951,-22.3904,-9.6870
116,A,0.2931,-22.3806,-9.6799
117,A,0.2911,-22.3708,-9.6750
118,A,0.2891,-22.3610,-9.6738
119,A,0.2870,-22.3512,-9.6757
120,A,0.2850,-22.3414,-9.6790
121,A,0.2830,-22.3316,-9.6790
122,A,0.2810,-22.3218,-9.6830
123,A,0.2790,-22.3120,-9.6771
124,A,0.2770,-22.3022,-9.6708
125,A,0.2749,-22.2924,-9.6618
126,A,0.2729,-22.2826,-9.6582
127,A,0.2709,-22.2728,-9.6586
128,A,0.2689,-22.2630,-9.6591
129,A,0.2669,-22.2532,-9.6578
130,A,0.2649,-22.2434,-9.6587
131,A,0.2628,-22.2336,-9.6587
132,A,0.2608,-22.2238,-9.6578
133,A,0.2588,-22.2140,-9.6509
134,A,0.2568,-22.2041,-9.6486
135,A,0.2548,-22.1943,-9.6534
136,A,0.2528,-22.1845,-9.6530
137,A,0.2508,-22.1747,-9.6405
138,A,0.2487,-22.1649,-9.6218
139,A,0.2467,-22.1551,-9.6104
140,A,0.2447,-22.1453,-9.6072
141,A,0.2427,-22.1355,-9.6024
142,A,0.2407,-22.1257,-9.6001
143,A,0.2387,-22.1159,-9.6012
144,A,0.2366,-22.1061,-9.5995
145,A,0.2346,-22.0963,-9.5993
146,A,0.2326,-22.0865,-9.6015
147,A,0.2306,-22.0767,-9.6065
148,A,0.2286,-22.0669,-9.6137
149,A,0.2266,-22.0571,-9.6126
150,A,0.2245,-22.0473,-9.6118
151,A,0.2225,-22.0375,-9.6120
152,A,0.2205,-22.0277,-9.6122
153,A,0.2185,-22.0179,-9.6123
154,A,0.2165,-22.0081,-9.6141
155,A,0.2145,-21.9982,-9.6152
156,A,0.2125,-21.9884,-9.6084
157,A,0.2104,-21.9786,-9.5989
158,A,0.2084,-21.9688,-9.5989
159,A,0.2064,-21.9590,-9.5996
160,A,0.2044,-21.9492,-9.5985
161,A,0.2024,-21.9394,-9.5963
162,A,0.2004,-21.9296,-9.5963
163,A,0.1983,-21.9198,-9.5965
164,A,0.1963,-21.9100,-9.5967
165,A,0.1943,-21.9002,-9.5978
166,A,0.1923,-21.8904,-9.6011
167,A,0.1903,-21.8806,-9.6137
168,A,0.1883,-21.8708,-9.6310
169,A,0.1862,-21.8610,-9.6260
170,A,0.1842,-21.8512,-9.6178
171,A,0.1822,-21.8414,-9.6135
172,A,0.1802,-21.8316,-9.6110
173,A,0.1782,-21.8218,-9.6106
174,A,0.1762,-21.8120,-9.6102
175,A,0.1742,-21.8021,-9.6088
176,A,0.1721,-21.7923,-9.6027
177,A,0.1701,-21.7825,-9.5983
178,A,0.1681,-21.7727,-9.5959
179,A,0.1661,-21.7629,-9.5925
180,A,0.1641,-21.7531,-9.5915
181,A,0.1621,-21.7433,-9.5921
182,A,0.1600,-21.7335,-9.5929
183,A,0.1580,-21.7237,-9.5957
184,A,0.1560,-21.7139,-9.6006
185,A,0.1540,-21.7041,-9.6049
186,A,0.1520,-21.6943,-9.6036
187,A,0.1500,-21.6845,-9.5984
188,A,0.1479,-21.6747,-9.5920
189,A,0.1459,-21.6649,-9.5885
190,A,0.1439,-21.6551,-9.5878
191,A,0.1419,-21.6453,-9.5881
192,A,0.1399,-21.6355,-9.5847
193,A,0.1379,-21.6257,-9.5840
194,A,0.1359,-21.6159,-9.5840
195,A,0.1338,-21.6060,-9.5864
196,A,0.1318,-21.5962,-9.5864
197,A,0.1298,-21.5864,-9.5856
198,A,0.1278,-21.5766,-9.5874
199,A,0.1258,-21.5668,-9.5901
200,A,0.1238,-21.5570,-9.5863
201,A,0.1217,-21.5472,-9.5819
202,A,0.1197,-21.5374,-9.5798
203,A,0.1177,-21.5276,-9.5814
204,A,0.1157,-21.5178,-9.5833
205,A,0.1137,-21.5080,-9.5833
206,A,0.1117,-21.4982,-9.5839
207,A,0.1096,-21.4884,-9.5821
208,A,0.1076,-21.4786,-9.5815
209,A,0.1056,-21.4688,-9.5818
210,A,0.1036,-21.4590,-9.5784
211,A,0.1016,-21.4492,-9.5742
212,A,0.0996,-21.4394,-9.5742
213,A,0.0975,-21.4296,-9.5738
214,A,0.0955,-21.4198,-9.5736
215,A,0.0935,-21.4099,-9.5742
216,A,0.0915,-21.4001,-9.5774
217,A,0.0895,-21.3903,-9.5690
218,A,0.0875,-21.3805,-9.5637
219,A,0.0855,-21.3707,-9.5471
220,A,0.0834,-21.3609,-9.5368
221,A,0.0814,-21.3511,-9.5362
222,A,0.0794,-21.3413,-9.5376
223,A,0.0774,-21.3315,-9.5388
224,A,0.0754,-21.3217,-9.5455
225,A,0.0734,-21.3119,-9.5391
226,A,0.0713,-21.3021,-9.5305
227,A,0.0693,-21.2923,-9.5305
228,A,0.0673,-21.2825,-9.5883
229,A,0.0653,-21.2727,-9.5938
230,A,0.0633,-21.2629,-9.5821
231,A,0.0613,-21.2531,-9.5330
232,A,0.0592,-21.2433,-9.5294
233,A,0.0572,-21.2335,-9.5306
234,A,0.0552,-21.2237,-9.5354
235,A,0.0532,-21.2139,-9.5562
236,A,0.0512,-21.2040,-9.5347
237,A,0.0492,-21.1942,-9.5263
238,A,0.0472,-21.1844,-9.5263
239,A,0.0451,-21.1746,-9.5297
240,A,0.0431,-21.1648,-9.5664
241,A,0.0411,-21.1550,-9.5871
242,A,0.0391,-21.1452,-9.5878
243,A,0.0371,-21.1354,-9.5928
244,A,0.0351,-21.1256,-9.5960
245,A,0.0330,-21.1158,-9.6079
246,A,0.0310,-21.1060,-9.6172
247,A,0.0290,-21.0962,-9.6125
248,A,0.0270,-21.0864,-9.5545
249,A,0.0250,-21.0766,-9.5521
250,A,0.0230,-21.0668,-9.5525
251,A,0.0209,-21.0570,-9.5484
252,A,0.0189,-21.0472,-9.5428
253,A,0.0169,-21.0374,-9.5299
254,A,0.0149,-21.0276,-9.5158
255,A,0.0129,-21.0178,-9.5118
256,A,0.0109,-21.0079,-9.5113
257,A,0.0089,-20.9981,-9.5092
258,A,0.0068,-20.9883,-9.5087
259,A,0.0048,-20.9785,-9.5053
260,A,0.0028,-20.9687,-9.4924
261,A,0.0008,-20.9589,-9.4852
262,A,-0.0012,-20.9491,-9.4624
263,A,-0.0032,-20.9393,-9.4674
264,A,-0.0053,-20.9295,-9.4643
265,A,-0.0073,-20.9197,-9.4652
266,A,-0.0093,-20.9099,-9.4666
267,A,-0.0113,-20.9001,-9.3461
268,A,-0.0133,-20.8903,-9.3440
269,A,-0.0153,-20.8805,-9.3403
270,A,-0.0174,-20.8707,-9.3374
271,A,-0.0194,-20.8609,-9.3377
272,A,-0.0214,-20.8511,-9.3411
273,A,-0.0234,-20.8413,-9.3605
274,A,-0.0254,-20.8315,-9.3546
275,A,-0.0274,-20.8217,-9.3526
276,A,-0.0294,-20.8118,-9.3526
277,A,-0.0315,-20.8020,-9.3549
278,A,-0.0335,-20.7922,-9.3666
279,A,-0.0355,-20.7824,-9.3708
280,A,-0.0375,-20.7726,-9.3631
281,A,-0.0395,-20.7628,-9.3609
282,A,-0.0415,-20.7530,-9.3672
283,A,-0.0436,-20.7432,-9.4146
284,A,-0.0456,-20.7334,-9.4184
285,A,-0.0476,-20.7236,-9.4198
286,A,-0.0496,-20.7138,-9.4257
287,A,-0.0516,-20.7040,-9.4688
288,A,-0.0536,-20.6942,-9.4696
289,A,-0.0557,-20.6844,-9.4711
290,A,-0.0577,-20.6746,-9.4849
291,A,-0.0597,-20.6648,-9.5207
292,A,-0.0617,-20.6550,-9.5306
293,A,-0.0637,-20.6452,-9.5357
294,A,-0.0657,-20.6354,-9.5479
295,A,-0.0677,-20.6256,-9.5558
296,A,-0.0698,-20.6158,-9.5760
297,A,-0.0718,-20.6059,-9.5792
298,A,-0.0738,-20.5961,-9.5871
299,A,-0.0758,-20.5863,-9.9723
300,A,-0.0778,-20.5765,-9.5700
301,A,-0.0798,-20.5667,-9.5733
302,A,-0.0819,-20.5569,-9.9328
303,A,-0.0839,-20.5471,-9.9129
304,A,-0.0859,-20.5373,-9.8994
305,A,-0.0879,-20.5275,-9.8994
306,A,-0.0899,-20.5177,-9.9015
307,A,-0.0919,-20.5079,-9.9037
308,A,-0.0940,-20.4981,-9.9056
309,A,-0.0960,-20.4883,-9.9122
310,A,-0.0980,-20.4785,-9.9282
311,A,-0.1000,-20.4687,-9.9887
312,A,-0.1020,-20.4589,-9.9948
313,A,-0.1040,-20.4491,-9.9955
314,A,-0.1061,-20.4393,-9.9872
315,A,-0.1081,-20.4295,-9.9802
316,A,-0.1101,-20.4197,-9.9801
317,A,-0.1121,-20.4098,-9.9791
318,A,-0.1141,-20.4000,-9.9781
319,A,-0.1161,-20.3902,-9.9742
320,A,-0.1181,-20.3804,-9.9736
321,A,-0.1202,-20.3706,-9.9724
322,A,-0.1222,-20.3608,-9.9724
323,A,-0.1242,-20.3510,-9.9727
324,A,-0.1262,-20.3412,-9.9752
325,A,-0.1282,-20.3314,-9.9788
326,A,-0.1302,-20.3216,-9.9844
327,A,-0.1323,-20.3118,-9.9850
328,A,-0.1343,-20.3020,-9.9833
329,A,-0.1363,-20.2922,-9.9736
330,A,-0.1383,-20.2824,-9.9531
331,A,-0.1403,-20.2726,-9.9479
332,A,-0.1423,-20.2628,-9.9464
333,A,-0.1444,-20.2530,-9.9445
334,A,-0.1464,-20.2432,-9.9429
335,A,-0.1484,-20.2334,-9.9377
336,A,-0.1504,-20.2236,-9.9330
337,A,-0.1524,-20.2137,-9.9304
338,A,-0.1544,-20.2039,-9.9291
339,A,-0.1564,-20.1941,-9.9139
340,A,-0.1585,-20.1843,-9.8984
341,A,-0.1605,-20.1745,-9.8779
342,A,-0.1625,-20.1647,-9.8367
343,A,-0.1645,-20.1549,-9.8239
344,A,-0.1665,-20.1451,-9.8181
345,A,-0.1685,-20.1353,-9.8123
346,A,-0.1706,-20.1255,-9.8123
347,A,-0.1726,-20.1157,-9.8098
348,A,-0.1746,-20.1059,-9.8001
349,A,-0.1766,-20.0961,-9.7909
350,A,-0.1786,-20.0863,-9.7870
351,A,-0.1806,-20.0765,-9.7848
352,A,-0.1827,-20.0667,-9.7821
353,A,-0.1847,-20.0569,-9.7828
354,A,-0.1867,-20.0471,-9.7808
355,A,-0.1887,-20.0373,-9.7747
356,A,-0.1907,-20.0275,-9.7747
357,A,-0.1927,-20.0176,-9.7750
358,A,-0.1947,-20.0078,-9.7788
359,A,-0.1968,-19.9980,-9.7766
360,A,-0.1988,-19.9882,-9.7769
361,A,-0.2008,-19.9784,-9.7860
362,A,-0.2028,-19.9686,-9.7906
363,A,-0.2048,-19.9588,-9.7906
364,A,-0.2068,-19.9490,-9.7961
365,A,-0.2089,-19.9392,-9.8055
366,A,-0.2109,-19.9294,-9.8410
367,A,-0.2129,-19.9196,-9.8896
368,A,-0.2149,-19.9098,-10.0334
369,A,-0.2169,-19.9000,-10.0457
370,A,-0.2189,-19.8902,-10.0525
371,A,-0.2210,-19.8804,-10.0614
372,A,-0.2230,-19.8706,-10.0655
373,A,-0.2250,-19.8608,-10.0686
374,A,-0.2270,-19.8510,-10.0706
375,A,-0.2290,-19.8412,-10.0754
376,A,-0.2310,-19.8314,-10.0777
377,A,-0.2330,-19.8216,-10.0849
378,A,-0.2351,-19.8117,-10.0919
379,A,-0.2371,-19.8019,-10.1020
380,A,-0.2391,-19.7921,-10.0969
381,A,-0.2411,-19.7823,-10.0966
382,A,-0.2431,-19.7725,-10.0793
383,A,-0.2451,-19.7627,-10.0646
384,A,-0.2472,-19.7529,-10.0343
385,A,-0.2492,-19.7431,-10.0234
386,A,-0.2512,-19.7333,-9.9901
387,A,-0.2532,-19.7235,-9.9562
388,A,-0.2552,-19.7137,-9.9500
389,A,-0.2572,-19.7039,-9.9457
390,A,-0.2593,-19.6941,-9.9450
391,A,-0.2613,-19.6843,-9.9427
392,A,-0.2633,-19.6745,-9.9430
393,A,-0.2653,-19.6647,-9.9441
394,A,-0.2673,-19.6549,-9.9526
395,A,-0.2693,-19.6451,-9.9636
396,A,-0.2713,-19.6353,-9.4991
397,A,-0.2734,-19.6255,-9.4982
398,A,-0.2754,-19.6156,-9.5006
399,A,-0.2774,-19.6058,-9.7093
400,A,-0.2794,-19.5960,-9.6978
401,A,-0.2814,-19.5862,-9.5711
402,A,-0.2834,-19.5764,-9.3586
403,A,-0.2855,-19.5666,-9.3355
404,A,-0.2875,-19.5568,-9.3281
405,A,-0.2895,-19.5470,-9.3247
406,A,-0.2915,-19.5372,-9.3204
407,A,-0.2935,-19.5274,-9.3226
408,A,-0.2955,-19.5176,-9.3270
409,A,-0.2976,-19.5078,-9.3361
410,A,-0.2996,-19.4980,-9.3254
411,A,-0.3016,-19.4882,-9.3257
412,A,-0.3036,-19.4784,-9.3436
413,A,-0.3056,-19.4686,-9.2216
414,A,-0.3076,-19.4588,-9.2056
415,A,-0.3097,-19.4490,-9.2056
416,A,-0.3117,-19.4392,-9.2025
417,A,-0.3137,-19.4294,-9.2052
418,A,-0.3157,-19.4195,-9.2168
419,A,-0.3177,-19.4097,-9.2084
420,A,-0.3197,-19.3999,-9.1904
421,A,-0.3217,-19.3901,-9.1904
422,A,-0.3238,-19.3803,-9.1940
423,A,-0.3258,-19.3705,-9.2096
424,A,-0.3278,-19.3607,-9.2334
425,A,-0.3298,-19.3509,-9.2555
426,A,-0.3318,-19.3411,-9.3876
427,A,-0.3338,-19.3313,-9.6056
428,A,-0.3359,-19.3215,-9.7262
429,A,-0.3379,-19.3117,-9.7184
430,A,-0.3399,-19.3019,-9.7148
431,A,-0.3419,-19.2921,0.0000
432,A,-0.3439,-19.2823,-9.5073
433,A,-0.3459,-19.2725,-9.5044
434,A,-0.3480,-19.2627,-9.5023
435,A,-0.3500,-19.2529,-9.5039
436,A,-0.3520,-19.2431,-9.5170
437,A,-0.3540,-19.2333,-9.5342
438,A,-0.3560,-19.2234,-9.5343
439,A,-0.3580,-19.2136,-9.5343
440,A,-0.3600,-19.2038,-9.5533
441,A,-0.3621,-19.1940,0.0000
442,A,-0.3641,-19.1842,0.0000
443,A,-0.3661,-19.1744,0.0000
444,A,-0.3681,-19.1646,0.0000
445,A,-0.3701,-19.1548,-9.2971
446,A,-0.3721,-19.1450,-9.2795
447,A,-0.3742,-19.1352,-9.2712
448,A,-0.3762,-19.1254,-9.2688
449,A,-0.3782,-19.1156,-9.2695
450,A,-0.3802,-19.1058,-9.2810
451,A,-0.3822,-19.0960,-9.2790
452,A,-0.3842,-19.0862,-9.2838
453,A,-0.3863,-19.0764,-9.2909
454,A,-0.3883,-19.0666,-9.3081
455,A,-0.3903,-19.0568,-9.3106
456,A,-0.3923,-19.0470,-9.2078
457,A,-0.3943,-19.0372,-9.2027
458,A,-0.3963,-19.0274,-9.2007
459,A,-0.3983,-19.0175,-9.2004
460,A,-0.4004,-19.0077,-9.2008
461,A,-0.4024,-18.9979,-9.0540
462,A,-0.4044,-18.9881,-9.0509
463,A,-0.4064,-18.9783,-9.0493
464,A,-0.4084,-18.9685,-9.0435
465,A,-0.4104,-18.9587,-9.0449
466,A,-0.4125,-18.9489,-9.0486
467,A,-0.4145,-18.9391,-9.0504
468,A,-0.4165,-18.9293,-9.0545
469,A,-0.4185,-18.9195,-9.0474
470,A,-0.4205,-18.9097,-9.0167
471,A,-0.4225,-18.8999,-9.0138
472,A,-0.4246,-18.8901,-9.0060
473,A,-0.4266,-18.8803,-8.9846
474,A,-0.4286,-18.8705,-8.9831
475,A,-0.4306,-18.8607,-8.9821
476,A,-0.4326,-18.8509,-8.9821
477,A,-0.4346,-18.8411,-8.9821
478,A,-0.4366,-18.8313,-8.9786
479,A,-0.4387,-18.8214,-8.9786
480,A,-0.4407,-18.8116,-8.9809
481,A,-0.4427,-18.8018,-8.9784
482,A,-0.4447,-18.7920,-8.9898
483,A,-0.4467,-18.7822,-8.9898
484,A,-0.4487,-18.7724,-8.9824
485,A,-0.4508,-18.7626,-8.9768
486,A,-0.4528,-18.7528,-8.9768
487,A,-0.4548,-18.7430,-8.9842
488,A,-0.4568,-18.7332,-8.9925
489,A,-0.4588,-18.7234,-8.9862
490,A,-0.4608,-18.7136,-8.9864
491,A,-0.4629,-18.7038,-8.9749
492,A,-0.4649,-18.6940,-8.9703
493,A,-0.4669,-18.6842,-8.9724
494,A,-0.4689,-18.6744,-8.9721
495,A,-0.4709,-18.6646,-8.9888
496,A,-0.4729,-18.6548,-8.9969
497,A,-0.4749,-18.6450,-8.9775
498,A,-0.4770,-18.6352,-8.9766
499,A,-0.4790,-18.6253,-8.9760
500,A,-0.4810,-18.6155,-8.9773
501,A,-0.4830,-18.6057,-8.9774
502,A,-0.4850,-18.5959,-8.9787
503,A,-0.4870,-18.5861,-9.0119
504,A,-0.4891,-18.5763,-9.0155
505,A,-0.4911,-18.5665,-9.0128
506,A,-0.4931,-18.5567,-8.9857
507,A,-0.4951,-18.5469,-8.9702
508,A,-0.4971,-18.5371,-8.9683
509,A,-0.4991,-18.5273,-8.9674
510,A,-0.5012,-18.5175,-8.9665
511,A,-0.5032,-18.5077,-8.9665
512,A,-0.5052,-18.4979,-8.9689
513,A,-0.5072,-18.4881,-8.9842
514,A,-0.5092,-18.4783,-8.9906
515,A,-0.5112,-18.4685,-8.9914
516,A,-0.5133,-18.4587,-9.0033
517,A,-0.5153,-18.4489,-9.0127
518,A,-0.5173,-18.4391,-9.0170
519,A,-0.5193,-18.4293,-9.0216
520,A,-0.5213,-18.4194,-9.0188
521,A,-0.5233,-18.4096,-9.0139
522,A,-0.5253,-18.3998,-9.0122
523,A,-0.5274,-18.3900,-9.0122
524,A,-0.5294,-18.3802,-9.0141
525,A,-0.5314,-18.3704,-9.0152
526,A,-0.5334,-18.3606,-9.0167
527,A,-0.5354,-18.3508,-9.0149
528,A,-0.5374,-18.3410,-9.0108
529,A,-0.5395,-18.3312,-9.0107
530,A,-0.5415,-18.3214,-9.0097
531,A,-0.5435,-18.3116,-9.0079
532,A,-0.5455,-18.3018,-9.0079
533,A,-0.5475,-18.2920,-9.0127
534,A,-0.5495,-18.2822,-9.0110
535,A,-0.5516,-18.2724,-8.9946
536,A,-0.5536,-18.2626,-8.9938
537,A,-0.5556,-18.2528,-8.9951
538,A,-0.5576,-18.2430,-8.9909
539,A,-0.5596,-18.2332,-8.9938
540,A,-0.5616,-18.2233,-8.9886
541,A,-0.5636,-18.2135,-8.9886
542,A,-0.5657,-18.2037,-8.9943
543,A,-0.5677,-18.1939,-8.9971
544,A,-0.5697,-18.1841,-8.9971
545,A,-0.5717,-18.1743,-9.0003
546,A,-0.5737,-18.1645,-9.0281
547,A,-0.5757,-18.1547,-9.0351
548,A,-0.5778,-18.1449,-9.0274
549,A,-0.5798,-18.1351,-9.0146
550,A,-0.5818,-18.1253,-9.0129
551,A,-0.5838,-18.1155,-9.0125
552,A,-0.5858,-18.1057,-9.0125
553,A,-0.5878,-18.0959,-9.0142
554,A,-0.5899,-18.0861,-9.0368
555,A,-0.5919,-18.0763,-9.0435
556,A,-0.5939,-18.0665,-9.0444
557,A,-0.5959,-18.0567,-9.1382
558,A,-0.5979,-18.0469,-9.1368
559,A,-0.5999,-18.0371,-9.1384
560,A,-0.6019,-18.0272,-9.1285
561,A,-0.6040,-18.0174,-9.1232
562,A,-0.6060,-18.0076,-9.1248
563,A,-0.6080,-17.9978,-9.1423
564,A,-0.6100,-17.9880,-9.1561
565,A,-0.6120,-17.9782,-9.1571
566,A,-0.6140,-17.9684,-9.1336
567,A,-0.6161,-17.9586,-9.1310
568,A,-0.6181,-17.9488,-9.1331
569,A,-0.6201,-17.9390,-9.1336
570,A,-0.6221,-17.9292,-9.1344
571,A,-0.6241,-17.9194,-9.1368
572,A,-0.6261,-17.9096,-9.1479
573,A,-0.6282,-17.8998,-9.1504
574,A,-0.6302,-17.8900,-9.1920
575,A,-0.6322,-17.8802,-9.2010
576,A,-0.6342,-17.8704,-9.2006
577,A,-0.6362,-17.8606,-9.2029
578,A,-0.6382,-17.8508,-9.2031
579,A,-0.6402,-17.8410,-9.2056
580,A,-0.6423,-17.8311,-9.2431
581,A,-0.6443,-17.8213,-9.2327
582,A,-0.6463,-17.8115,-9.2319
583,A,-0.6483,-17.8017,-9.2344
584,A,-0.6503,-17.7919,-9.2612
585,A,-0.6523,-17.7821,-9.2653
586,A,-0.6544,-17.7723,-9.2699
587,A,-0.6564,-17.7625,-9.2699
588,A,-0.6584,-17.7527,-9.2801
589,A,-0.6604,-17.7429,-9.3689
590,A,-0.6624,-17.7331,-9.4091
591,A,-0.6644,-17.7233,-9.4208
592,A,-0.6665,-17.7135,-9.4140
593,A,-0.6685,-17.7037,-9.3964
594,A,-0.6705,-17.6939,-9.4025
595,A,-0.6725,-17.6841,-9.4028
596,A,-0.6745,-17.6743,-9.4046
597,A,-0.6765,-17.6645,-9.4236
598,A,-0.6786,-17.6547,-9.4309
599,A,-0.6806,-17.6449,-9.4527
600,A,-0.6826,-17.6351,-9.4546
601,A,-0.6846,-17.6252,-9.4481
602,A,-0.6866,-17.6154,-9.4499
603,A,-0.6886,-17.6056,-9.4551
604,A,-0.6906,-17.5958,-9.4832
605,A,-0.6927,-17.5860,-9.4723
606,A,-0.6947,-17.5762,-9.4641
607,A,-0.6967,-17.5664,-9.4628
608,A,-0.6987,-17.5566,-9.4628
609,A,-0.7007,-17.5468,-9.4673
610,A,-0.7027,-17.5370,-9.4623
611,A,-0.7048,-17.5272,-9.4623
612,A,-0.7068,-17.5174,-9.4634
613,A,-0.7088,-17.5076,-9.4676
614,A,-0.7108,-17.4978,-9.4689
615,A,-0.7128,-17.4880,-9.5159
616,A,-0.7148,-17.4782,-9.5125
617,A,-0.7169,-17.4684,-9.5436
618,A,-0.7189,-17.4586,-9.5816
619,A,-0.7209,-17.4488,-9.5865
620,A,-0.7229,-17.4390,-9.5888
621,A,-0.7249,-17.4291,-9.5905
622,A,-0.7269,-17.4193,-9.5846
623,A,-0.7289,-17.4095,-9.5821
624,A,-0.7310,-17.3997,-9.5808
625,A,-0.7330,-17.3899,-9.5798
626,A,-0.7350,-17.3801,-9.5823
627,A,-0.7370,-17.3703,-9.5889
628,A,-0.7390,-17.3605,-9.5432
629,A,-0.7410,-17.3507,-9.5409
630,A,-0.7431,-17.3409,-9.5457
631,A,-0.7451,-17.3311,-9.5539
632,A,-0.7471,-17.3213,-9.5539
633,A,-0.7491,-17.3115,-9.5681
634,A,-0.7511,-17.3017,-9.5604
635,A,-0.7531,-17.2919,-9.5433
636,A,-0.7552,-17.2821,-9.5356
637,A,-0.7572,-17.2723,-9.4028
638,A,-0.7592,-17.2625,-9.3934
639,A,-0.7612,-17.2527,-9.3868
640,A,-0.7632,-17.2429,-9.3822
641,A,-0.7652,-17.2330,-9.3805
642,A,-0.7672,-17.2232,-9.3855
643,A,-0.7693,-17.2134,-9.3872
644,A,-0.7713,-17.2036,-9.3870
645,A,-0.7733,-17.1938,-9.3835
646,A,-0.7753,-17.1840,-9.3701
647,A,-0.7773,-17.1742,-9.3629
648,A,-0.7793,-17.1644,-9.3556
649,A,-0.7814,-17.1546,-9.3473
650,A,-0.7834,-17.1448,-9.3402
651,A,-0.7854,-17.1350,-9.3337
652,A,-0.7874,-17.1252,-9.3281
653,A,-0.7894,-17.1154,-9.3189
654,A,-0.7914,-17.1056,-9.3168
655,A,-0.7935,-17.0958,-9.3087
656,A,-0.7955,-17.0860,-9.2164
657,A,-0.7975,-17.0762,-9.2095
658,A,-0.7995,-17.0664,-9.2095
659,A,-0.8015,-17.0566,-9.2013
660,A,-0.8035,-17.0468,-9.1360
661,A,-0.8055,-17.0370,-9.1308
662,A,-0.8076,-17.0271,-9.1288
663,A,-0.8096,-17.0173,-9.1256
664,A,-0.8116,-17.0075,-9.1228
665,A,-0.8136,-16.9977,-9.1188
666,A,-0.8156,-16.9879,-9.1184
667,A,-0.8176,-16.9781,-9.1184
668,A,-0.8197,-16.9683,-9.1203
669,A,-0.8217,-16.9585,-9.1018
670,A,-0.8237,-16.9487,-9.0990
671,A,-0.8257,-16.9389,-9.0844
672,A,-0.8277,-16.9291,-9.0796
673,A,-0.8297,-16.9193,-9.0779
674,A,-0.8318,-16.9095,-9.0752
675,A,-0.8338,-16.8997,-9.0752
676,A,-0.8358,-16.8899,-9.0757
677,A,-0.8378,-16.8801,-9.0780
678,A,-0.8398,-16.8703,-9.0811
679,A,-0.8418,-16.8605,-9.0905
680,A,-0.8438,-16.8507,-9.0978
681,A,-0.8459,-16.8409,-9.0983
682,A,-0.8479,-16.8310,-9.0905
683,A,-0.8499,-16.8212,-9.0849
684,A,-0.8519,-16.8114,-9.0806
685,A,-0.8539,-16.8016,-9.0759
686,A,-0.8559,-16.7918,-9.0730
687,A,-0.8580,-16.7820,-9.0733
688,A,-0.8600,-16.7722,0.0000
689,A,-0.8620,-16.7624,0.0000
690,A,-0.8640,-16.7526,-9.1722
691,A,-0.8660,-16.7428,-9.1561
692,A,-0.8680,-16.7330,-9.1561
693,A,-0.8701,-16.7232,-9.1566
694,A,-0.8721,-16.7134,-9.1566
695,A,-0.8741,-16.7036,-9.1721
696,A,-0.8761,-16.6938,-9.1662
697,A,-0.8781,-16.6840,-9.1659
698,A,-0.8801,-16.6742,-9.1667
699,A,-0.8822,-16.6644,-9.1940
700,A,-0.8842,-16.6546,-9.2158
701,A,-0.8862,-16.6448,-9.2302
702,A,-0.8882,-16.6349,-9.2186
703,A,-0.8902,-16.6251,-9.2142
704,A,-0.8922,-16.6153,-9.2087
705,A,-0.8942,-16.6055,-9.2039
706,A,-0.8963,-16.5957,-9.2045
707,A,-0.8983,-16.5859,-9.1992
708,A,-0.9003,-16.5761,-9.1860
709,A,-0.9023,-16.5663,-9.1798
710,A,-0.9043,-16.5565,-9.1773
711,A,-0.9063,-16.5467,-9.1771
712,A,-0.9084,-16.5369,-9.1767
713,A,-0.9104,-16.5271,-9.1768
714,A,-0.9124,-16.5173,-9.1746
715,A,-0.9144,-16.5075,-9.1730
716,A,-0.9164,-16.4977,-9.1710
717,A,-0.9184,-16.4879,-9.1692
718,A,-0.9205,-16.4781,-9.1684
719,A,-0.9225,-16.4683,-9.1491
720,A,-0.9245,-16.4585,-9.1455
721,A,-0.9265,-16.4487,-9.1455
722,A,-0.9285,-16.4388,-9.1461
723,A,-0.9305,-16.4290,-9.1478
724,A,-0.9325,-16.4192,-9.1552
725,A,-0.9346,-16.4094,-9.1759
726,A,-0.9366,-16.3996,-9.1599
727,A,-0.9386,-16.3898,-9.1553
728,A,-0.9406,-16.3800,-9.1549
729,A,-0.9426,-16.3702,-9.1565
730,A,-0.9446,-16.3604,-9.1566
731,A,-0.9467,-16.3506,-9.1603
732,A,-0.9487,-16.3408,-9.1646
733,A,-0.9507,-16.3310,-9.1649
734,A,-0.9527,-16.3212,-9.1659
735,A,-0.9547,-16.3114,-9.1706
736,A,-0.9567,-16.3016,-9.1774
737,A,-0.9588,-16.2918,-9.1805
738,A,-0.9608,-16.2820,-9.1840
739,A,-0.9628,-16.2722,-9.1862
740,A,-0.9648,-16.2624,-9.1862
741,A,-0.9668,-16.2526,-9.1916
742,A,-0.9688,-16.2428,-9.1973
743,A,-0.9708,-16.2329,-9.2041
744,A,-0.9729,-16.2231,-9.2104
745,A,-0.9749,-16.2133,-9.2050
746,A,-0.9769,-16.2035,-9.2050
747,A,-0.9789,-16.1937,-9.2100
748,A,-0.9809,-16.1839,-9.2142
749,A,-0.9829,-16.1741,-9.2255
750,A,-0.9850,-16.1643,-9.2520
751,A,-0.9870,-16.1545,-9.2663
752,A,-0.9890,-16.1447,-9.2766
753,A,-0.9910,-16.1349,-9.2832
754,A,-0.9930,-16.1251,-9.2803
755,A,-0.9950,-16.1153,-9.2698
756,A,-0.9971,-16.1055,-9.2637
757,A,-0.9991,-16.0957,-9.2575
758,A,-1.0011,-16.0859,-9.2532
759,A,-1.0031,-16.0761,-9.2515
760,A,-1.0051,-16.0663,-9.2548
761,A,-1.0071,-16.0565,-9.2573
762,A,-1.0091,-16.0467,-9.2564
763,A,-1.0112,-16.0368,-9.2564
764,A,-1.0132,-16.0270,-9.0353
765,A,-1.0152,-16.0172,-9.0228
766,A,-1.0172,-16.0074,-9.0133
767,A,-1.0192,-15.9976,-8.9871
768,A,-1.0212,-15.9878,-8.9670
769,A,-1.0233,-15.9780,-8.9534
770,A,-1.0253,-15.9682,-8.9557
771,A,-1.0273,-15.9584,-8.9648
772,A,-1.0293,-15.9486,-8.9715
773,A,-1.0313,-15.9388,-8.9722
774,A,-1.0333,-15.9290,-8.9771
775,A,-1.0354,-15.9192,-8.9819
776,A,-1.0374,-15.9094,-8.9911
777,A,-1.0394,-15.8996,-8.8916
778,A,-1.0414,-15.8898,-8.8806
779,A,-1.0434,-15.8800,-8.8900
780,A,-1.0454,-15.8702,-8.8758
781,A,-1.0474,-15.8604,-8.8546
782,A,-1.0495,-15.8506,-8.8306
783,A,-1.0515,-15.8407,-8.8367
784,A,-1.0535,-15.8309,-8.8501
785,A,-1.0555,-15.8211,-8.8615
786,A,-1.0575,-15.8113,-8.8747
787,A,-1.0595,-15.8015,-8.8909
788,A,-1.0616,-15.7917,-8.8950
789,A,-1.0636,-15.7819,-8.8605
790,A,-1.0656,-15.7721,-8.8480
791,A,-1.0676,-15.7623,-8.8102
792,A,-1.0696,-15.7525,-8.8072
793,A,-1.0716,-15.7427,-8.8072
794,A,-1.0737,-15.7329,-8.8127
795,A,-1.0757,-15.7231,-8.8134
796,A,-1.0777,-15.7133,-8.8147
797,A,-1.0797,-15.7035,-8.8352
798,A,-1.0817,-15.6937,-8.8370
799,A,-1.0837,-15.6839,-8.8446
800,A,-1.0858,-15.6741,-8.8564
801,A,-1.0878,-15.6643,-8.8653
802,A,-1.0898,-15.6545,-8.8700
803,A,-1.0918,-15.6447,-8.8492
804,A,-1.0938,-15.6348,-8.8431
805,A,-1.0958,-15.6250,-8.8417
806,A,-1.0978,-15.6152,-8.8417
807,A,-1.0999,-15.6054,-8.8446
808,A,-1.1019,-15.5956,-8.8462
809,A,-1.1039,-15.5858,-8.8587
810,A,-1.1059,-15.5760,-8.8952
811,A,-1.1079,-15.5662,-8.8938
812,A,-1.1099,-15.5564,-8.8928
813,A,-1.1120,-15.5466,-8.7921
814,A,-1.1140,-15.5368,-8.7894
815,A,-1.1160,-15.5270,-8.7914
816,A,-1.1180,-15.5172,-8.7934
817,A,-1.1200,-15.5074,-8.7949
818,A,-1.1220,-15.4976,-8.7871
819,A,-1.1241,-15.4878,-8.7640
820,A,-1.1261,-15.4780,-8.7490
821,A,-1.1281,-15.4682,-8.7490
822,A,-1.1301,-15.4584,-8.7499
823,A,-1.1321,-15.4486,-8.7505
824,A,-1.1341,-15.4387,-8.7477
825,A,-1.1361,-15.4289,-8.7462
826,A,-1.1382,-15.4191,-8.7362
827,A,-1.1402,-15.4093,-8.7341
828,A,-1.1422,-15.3995,-8.7289
829,A,-1.1442,-15.3897,-8.7256
830,A,-1.1462,-15.3799,-8.7263
831,A,-1.1482,-15.3701,-8.7269
832,A,-1.1503,-15.3603,-8.7301
833,A,-1.1523,-15.3505,-8.7315
834,A,-1.1543,-15.3407,-8.7307
835,A,-1.1563,-15.3309,-8.7307
836,A,-1.1583,-15.3211,-8.7295
837,A,-1.1603,-15.3113,-8.7281
838,A,-1.1624,-15.3015,-8.7281
839,A,-1.1644,-15.2917,-8.7284
840,A,-1.1664,-15.2819,-8.7284
841,A,-1.1684,-15.2721,-8.7426
842,A,-1.1704,-15.2623,-8.7446
843,A,-1.1724,-15.2525,-8.7389
844,A,-1.1744,-15.2426,-8.7402
845,A,-1.1765,-15.2328,-8.7388
846,A,-1.1785,-15.2230,-8.7402
847,A,-1.1805,-15.2132,-8.7428
848,A,-1.1825,-15.2034,-8.7476
849,A,-1.1845,-15.1936,-8.7527
850,A,-1.1865,-15.1838,-8.7488
851,A,-1.1886,-15.1740,-8.7457
852,A,-1.1906,-15.1642,-8.7647
853,A,-1.1926,-15.1544,-8.7773
854,A,-1.1946,-15.1446,-8.7752
855,A,-1.1966,-15.1348,-8.7730
856,A,-1.1986,-15.1250,-8.7731
857,A,-1.2007,-15.1152,-8.7771
858,A,-1.2027,-15.1054,-9.5095
859,A,-1.2047,-15.0956,-9.5117
860,A,-1.2067,-15.0858,-9.5193
861,A,-1.2087,-15.0760,-9.5473
862,A,-1.2107,-15.0662,-9.7848
863,A,-1.2127,-15.0564,-9.7588
864,A,-1.2148,-15.0465,-9.7588
865,A,-1.2168,-15.0367,-9.7650
866,A,-1.2188,-15.0269,-9.7624
867,A,-1.2208,-15.0171,-9.7482
868,A,-1.2228,-15.0073,-9.7362
869,A,-1.2248,-14.9975,-9.6450
870,A,-1.2269,-14.9877,-9.6056
871,A,-1.2289,-14.9779,-9.5940
872,A,-1.2309,-14.9681,-9.5884
873,A,-1.2329,-14.9583,-9.5797
874,A,-1.2349,-14.9485,-9.5678
875,A,-1.2369,-14.9387,-9.5671
876,A,-1.2390,-14.9289,-9.5691
877,A,-1.2410,-14.9191,-9.5940
878,A,-1.2430,-14.9093,-9.5812
879,A,-1.2450,-14.8995,-9.5749
880,A,-1.2470,-14.8897,-9.5608
881,A,-1.2490,-14.8799,-9.5482
882,A,-1.2511,-14.8701,-9.5379
883,A,-1.2531,-14.8603,-9.5358
884,A,-1.2551,-14.8505,-9.5370
885,A,-1.2571,-14.8406,-9.5437
886,A,-1.2591,-14.8308,-9.5384
887,A,-1.2611,-14.8210,-9.5339
888,A,-1.2631,-14.8112,-9.5424
889,A,-1.2652,-14.8014,-9.5477
890,A,-1.2672,-14.7916,-9.5514
891,A,-1.2692,-14.7818,-9.5496
892,A,-1.2712,-14.7720,-9.5433
893,A,-1.2732,-14.7622,-9.5438
894,A,-1.2752,-14.7524,-9.5438
895,A,-1.2773,-14.7426,-9.5494
896,A,-1.2793,-14.7328,-9.5535
897,A,-1.2813,-14.7230,-9.5628
898,A,-1.2833,-14.7132,-9.5657
899,A,-1.2853,-14.7034,-9.5686
900,A,-1.2873,-14.6936,-9.5693
901,A,-1.2894,-14.6838,-9.5851
902,A,-1.2914,-14.6740,-9.5957
903,A,-1.2934,-14.6642,-9.6118
904,A,-1.2954,-14.6544,-9.6023
905,A,-1.2974,-14.6445,-9.5993
906,A,-1.2994,-14.6347,-9.5983
907,A,-1.3014,-14.6249,-9.6032
908,A,-1.3035,-14.6151,-9.6368
909,A,-1.3055,-14.6053,-9.6468
910,A,-1.3075,-14.5955,-9.6529
911,A,-1.3095,-14.5857,-9.7708
912,A,-1.3115,-14.5759,-9.7579
913,A,-1.3135,-14.5661,-9.7518
914,A,-1.3156,-14.5563,-9.7503
915,A,-1.3176,-14.5465,-9.7511
916,A,-1.3196,-14.5367,-9.7443
917,A,-1.3216,-14.5269,-9.7224
918,A,-1.3236,-14.5171,-9.6323
919,A,-1.3256,-14.5073,-9.6294
920,A,-1.3277,-14.4975,-9.6274
921,A,-1.3297,-14.4877,-9.6272
922,A,-1.3317,-14.4779,-9.6248
923,A,-1.3337,-14.4681,-9.7398
924,A,-1.3357,-14.4583,-9.7422
925,A,-1.3377,-14.4484,-9.8681
926,A,-1.3397,-14.4386,-9.8567
927,A,-1.3418,-14.4288,-9.8599
928,A,-1.3438,-14.4190,-9.8688
929,A,-1.3458,-14.4092,-9.8508
930,A,-1.3478,-14.3994,-9.8465
931,A,-1.3498,-14.3896,-9.8437
932,A,-1.3518,-14.3798,-9.8432
933,A,-1.3539,-14.3700,-9.8461
934,A,-1.3559,-14.3602,-9.8540
935,A,-1.3579,-14.3504,-9.8576
936,A,-1.3599,-14.3406,-9.8653
937,A,-1.3619,-14.3308,-9.9102
938,A,-1.3639,-14.3210,-9.9030
939,A,-1.3660,-14.3112,-9.9031
940,A,-1.3680,-14.3014,-9.8968
941,A,-1.3700,-14.2916,-9.8539
942,A,-1.3720,-14.2818,-9.8455
943,A,-1.3740,-14.2720,-9.8373
944,A,-1.3760,-14.2622,-9.8038
945,A,-1.3780,-14.2523,-9.8019
946,A,-1.3801,-14.2425,-9.8020
947,A,-1.3821,-14.2327,-9.8027
948,A,-1.3841,-14.2229,-9.8033
949,A,-1.3861,-14.2131,-9.8027
950,A,-1.3881,-14.2033,-9.8044
951,A,-1.3901,-14.1935,-9.8103
952,A,-1.3922,-14.1837,-9.8152
953,A,-1.3942,-14.1739,-9.8124
954,A,-1.3962,-14.1641,-9.7816
955,A,-1.3982,-14.1543,-9.7806
956,A,-1.4002,-14.1445,-9.7810
957,A,-1.4022,-14.1347,-9.6256
958,A,-1.4043,-14.1249,-9.6254
959,A,-1.4063,-14.1151,-9.6254
960,A,-1.4083,-14.1053,-9.6279
961,A,-1.4103,-14.0955,-9.6326
962,A,-1.4123,-14.0857,-9.6148
963,A,-1.4143,-14.0759,-9.6103
964,A,-1.4163,-14.0661,-9.6103
965,A,-1.4184,-14.0563,-9.6130
966,A,-1.4204,-14.0464,-9.6176
967,A,-1.4224,-14.0366,-9.6240
968,A,-1.4244,-14.0268,-9.6252
969,A,-1.4264,-14.0170,-9.6087
970,A,-1.4284,-14.0072,-9.6013
971,A,-1.4305,-13.9974,-9.6019
972,A,-1.4325,-13.9876,-9.6051
973,A,-1.4345,-13.9778,-9.5907
974,A,-1.4365,-13.9680,-9.5700
975,A,-1.4385,-13.9582,-9.5699
976,A,-1.4405,-13.9484,-9.5657
977,A,-1.4426,-13.9386,-9.5655
978,A,-1.4446,-13.9288,-9.5528
979,A,-1.4466,-13.9190,-9.5399
980,A,-1.4486,-13.9092,-9.5402
981,A,-1.4506,-13.8994,-9.5426
982,A,-1.4526,-13.8896,-9.5498
983,A,-1.4547,-13.8798,-9.5373
984,A,-1.4567,-13.8700,-9.5231
985,A,-1.4587,-13.8602,-9.5213
986,A,-1.4607,-13.8503,-9.5212
987,A,-1.4627,-13.8405,-9.5255
988,A,-1.4647,-13.8307,-9.5430
989,A,-1.4667,-13.8209,-9.5535
990,A,-1.4688,-13.8111,-9.5535
991,A,-1.4708,-13.8013,-9.5554
992,A,-1.4728,-13.7915,-9.5579
993,A,-1.4748,-13.7817,-9.5601
994,A,-1.4768,-13.7719,-9.5609
995,A,-1.4788,-13.7621,-9.5561
996,A,-1.4809,-13.7523,-9.5536
997,A,-1.4829,-13.7425,-9.5437
998,A,-1.4849,-13.7327,-9.5400
999,A,-1.4869,-13.7229,-9.5400
1000,A,-1.4889,-13.7131,-9.5400
1,B,1.4154,-23.3251,-9.4319
2,B,1.4134,-23.3153,-9.4616
3,B,1.4113,-23.3055,-9.4872
4,B,1.4093,-23.2957,-9.4760
5,B,1.4073,-23.2859,-9.4629
6,B,1.4053,-23.2761,-9.4534
7,B,1.4033,-23.2663,-9.4457
8,B,1.4013,-23.2565,-9.4427
9,B,1.3992,-23.2467,-9.4539
10,B,1.3972,-23.2369,-9.4649
11,B,1.3952,-23.2271,-9.7284
12,B,1.3932,-23.2173,-9.7340
13,B,1.3912,-23.2075,-9.7391
14,B,1.3892,-23.1977,-9.7594
15,B,1.3872,-23.1879,-9.7629
16,B,1.3851,-23.1781,-9.7697
17,B,1.3831,-23.1683,-9.7784
18,B,1.3811,-23.1584,-9.8028
19,B,1.3791,-23.1486,-9.9093
20,B,1.3771,-23.1388,-9.9174
21,B,1.3751,-23.1290,-9.9279
22,B,1.3730,-23.1192,-9.9361
23,B,1.3710,-23.1094,-9.9381
24,B,1.3690,-23.0996,-9.9407
25,B,1.3670,-23.0898,-9.9465
26,B,1.3650,-23.0800,-9.9877
27,B,1.3630,-23.0702,-9.9888
28,B,1.3609,-23.0604,-9.9782
29,B,1.3589,-23.0506,-9.9444
30,B,1.3569,-23.0408,-9.9369
31,B,1.3549,-23.0310,-9.9561
32,B,1.3529,-23.0212,-9.9693
33,B,1.3509,-23.0114,-9.9542
34,B,1.3489,-23.0016,-9.9499
35,B,1.3468,-22.9918,-9.9457
36,B,1.3448,-22.9820,-9.9467
37,B,1.3428,-22.9722,-9.9503
38,B,1.3408,-22.9623,-9.8891
39,B,1.3388,-22.9525,-9.8868
40,B,1.3368,-22.9427,-9.8868
41,B,1.3347,-22.9329,-9.8869
42,B,1.3327,-22.9231,-9.8927
43,B,1.3307,-22.9133,-9.8797
44,B,1.3287,-22.9035,-9.8761
45,B,1.3267,-22.8937,-9.8761
46,B,1.3247,-22.8839,-9.8885
47,B,1.3226,-22.8741,-10.0104
48,B,1.3206,-22.8643,-10.0134
49,B,1.3186,-22.8545,-10.0083
50,B,1.3166,-22.8447,-9.9943
51,B,1.3146,-22.8349,-9.9775
52,B,1.3126,-22.8251,-9.9346
53,B,1.3106,-22.8153,-9.9325
54,B,1.3085,-22.8055,-9.9318
55,B,1.3065,-22.7957,-9.9318
56,B,1.3045,-22.7859,-9.9369
57,B,1.3025,-22.7761,-10.0050
58,B,1.3005,-22.7662,-10.0059
59,B,1.2985,-22.7564,-10.0069
60,B,1.2964,-22.7466,-10.0048
61,B,1.2944,-22.7368,-9.9993
62,B,1.2924,-22.7270,-9.9703
63,B,1.2904,-22.7172,-9.9656
64,B,1.2884,-22.7074,-9.9637
65,B,1.2864,-22.6976,-9.9701
66,B,1.2843,-22.6878,-9.9158
67,B,1.2823,-22.6780,-9.8667
68,B,1.2803,-22.6682,-9.8350
69,B,1.2783,-22.6584,-9.8223
70,B,1.2763,-22.6486,-9.8183
71,B,1.2743,-22.6388,-9.8029
72,B,1.2723,-22.6290,-9.7985
73,B,1.2702,-22.6192,-9.7985
74,B,1.2682,-22.6094,-9.7985
75,B,1.2662,-22.5996,-9.7989
76,B,1.2642,-22.5898,-9.7994
77,B,1.2622,-22.5800,-9.9550
78,B,1.2602,-22.5701,-9.9453
79,B,1.2581,-22.5603,-9.9400
80,B,1.2561,-22.5505,-9.8997
81,B,1.2541,-22.5407,-9.8568
82,B,1.2521,-22.5309,-9.8519
83,B,1.2501,-22.5211,-9.8466
84,B,1.2481,-22.5113,-9.8466
85,B,1.2460,-22.5015,-9.8573
86,B,1.2440,-22.4917,-9.9307
87,B,1.2420,-22.4819,-9.9419
88,B,1.2400,-22.4721,-9.9109
89,B,1.2380,-22.4623,-9.9128
90,B,1.2360,-22.4525,-9.9148
91,B,1.2339,-22.4427,-9.9153
92,B,1.2319,-22.4329,-9.9184
93,B,1.2299,-22.4231,-9.9270
94,B,1.2279,-22.4133,-9.9676
95,B,1.2259,-22.4035,-9.9868
96,B,1.2239,-22.3937,-10.0028
97,B,1.2219,-22.3839,-9.9765
98,B,1.2198,-22.3741,-9.9768
99,B,1.2178,-22.3642,-10.0511
100,B,1.2158,-22.3544,-10.0380
101,B,1.2138,-22.3446,-10.0363
102,B,1.2118,-22.3348,-10.0336
103,B,1.2098,-22.3250,-10.0151
104,B,1.2077,-22.3152,-10.0041
105,B,1.2057,-22.3054,-9.9986
106,B,1.2037,-22.2956,-9.9910
107,B,1.2017,-22.2858,-9.9829
108,B,1.1997,-22.2760,-9.9586
109,B,1.1977,-22.2662,-9.9584
110,B,1.1956,-22.2564,-9.9587
111,B,1.1936,-22.2466,-9.9519
112,B,1.1916,-22.2368,-9.9479
113,B,1.1896,-22.2270,-9.9461
114,B,1.1876,-22.2172,-9.9443
115,B,1.1856,-22.2074,-9.9433
116,B,1.1836,-22.1976,-9.9454
117,B,1.1815,-22.1878,-9.9617
118,B,1.1795,-22.1780,-9.9789
119,B,1.1775,-22.1681,-9.9832
120,B,1.1755,-22.1583,-9.9902
121,B,1.1735,-22.1485,-10.0377
122,B,1.1715,-22.1387,-10.0553
123,B,1.1694,-22.1289,-10.0677
124,B,1.1674,-22.1191,-10.0722
125,B,1.1654,-22.1093,-10.0602
126,B,1.1634,-22.0995,-10.0515
127,B,1.1614,-22.0897,-10.0482
128,B,1.1594,-22.0799,-10.0010
129,B,1.1573,-22.0701,-9.9732
130,B,1.1553,-22.0603,-9.9482
131,B,1.1533,-22.0505,-9.9450
132,B,1.1513,-22.0407,-9.9470
133,B,1.1493,-22.0309,-9.9415
134,B,1.1473,-22.0211,-9.9255
135,B,1.1453,-22.0113,-9.9255
136,B,1.1432,-22.0015,-9.9367
137,B,1.1412,-21.9917,-9.9498
138,B,1.1392,-21.9819,-9.9603
139,B,1.1372,-21.9720,-9.9659
140,B,1.1352,-21.9622,-9.9727
141,B,1.1332,-21.9524,-9.9732
142,B,1.1311,-21.9426,-9.9777
143,B,1.1291,-21.9328,-9.9828
144,B,1.1271,-21.9230,-9.9856
145,B,1.1251,-21.9132,-9.9431
146,B,1.1231,-21.9034,-9.9396
147,B,1.1211,-21.8936,-9.9388
148,B,1.1190,-21.8838,-9.9438
149,B,1.1170,-21.8740,-9.9559
150,B,1.1150,-21.8642,-10.0047
151,B,1.1130,-21.8544,-10.0316
152,B,1.1110,-21.8446,-10.0308
153,B,1.1090,-21.8348,-10.0264
154,B,1.1070,-21.8250,-10.0262
155,B,1.1049,-21.8152,-10.0176
156,B,1.1029,-21.8054,-9.9968
157,B,1.1009,-21.7956,-9.9852
158,B,1.0989,-21.7858,-9.9660
159,B,1.0969,-21.7760,-9.9584
160,B,1.0949,-21.7661,-9.9549
161,B,1.0928,-21.7563,-9.9539
162,B,1.0908,-21.7465,-9.9539
163,B,1.0888,-21.7367,-9.9539
164,B,1.0868,-21.7269,-9.8555
165,B,1.0848,-21.7171,-9.8399
166,B,1.0828,-21.7073,-9.8226
167,B,1.0807,-21.6975,-9.8203
168,B,1.0787,-21.6877,-9.8178
169,B,1.0767,-21.6779,-9.8152
170,B,1.0747,-21.6681,-9.8127
171,B,1.0727,-21.6583,-9.8104
172,B,1.0707,-21.6485,-9.8104
173,B,1.0686,-21.6387,-9.8110
174,B,1.0666,-21.6289,-9.8068
175,B,1.0646,-21.6191,-9.7618
176,B,1.0626,-21.6093,-9.7447
177,B,1.0606,-21.5995,-9.7447
178,B,1.0586,-21.5897,-9.7426
179,B,1.0566,-21.5799,-9.7340
180,B,1.0545,-21.5700,-9.7317
181,B,1.0525,-21.5602,-9.7312
182,B,1.0505,-21.5504,-9.7991
183,B,1.0485,-21.5406,-9.8024
184,B,1.0465,-21.5308,-9.7849
185,B,1.0445,-21.5210,-9.7719
186,B,1.0424,-21.5112,-9.7654
187,B,1.0404,-21.5014,-9.7581
188,B,1.0384,-21.4916,-9.7541
189,B,1.0364,-21.4818,-9.7502
190,B,1.0344,-21.4720,-9.7442
191,B,1.0324,-21.4622,-9.7384
192,B,1.0303,-21.4524,-9.7395
193,B,1.0283,-21.4426,-9.7413
194,B,1.0263,-21.4328,-9.8403
195,B,1.0243,-21.4230,-9.8448
196,B,1.0223,-21.4132,-9.8502
197,B,1.0203,-21.4034,-9.8590
198,B,1.0183,-21.3936,-9.8809
199,B,1.0162,-21.3838,-9.9256
200,B,1.0142,-21.3739,-9.9331
201,B,1.0122,-21.3641,-9.9279
202,B,1.0102,-21.3543,-9.9279
203,B,1.0082,-21.3445,-9.9303
204,B,1.0062,-21.3347,-9.9167
205,B,1.0041,-21.3249,-9.8942
206,B,1.0021,-21.3151,-9.8311
207,B,1.0001,-21.3053,-9.8058
208,B,0.9981,-21.2955,-9.7887
209,B,0.9961,-21.2857,-9.7897
210,B,0.9941,-21.2759,-9.7891
211,B,0.9920,-21.2661,-9.7845
212,B,0.9900,-21.2563,-9.7814
213,B,0.9880,-21.2465,-9.7814
214,B,0.9860,-21.2367,-9.7859
215,B,0.9840,-21.2269,-9.7904
216,B,0.9820,-21.2171,-9.7910
217,B,0.9800,-21.2073,-9.7961
218,B,0.9779,-21.1975,-9.8100
219,B,0.9759,-21.1877,-9.8246
220,B,0.9739,-21.1778,-9.9037
221,B,0.9719,-21.1680,-9.9253
222,B,0.9699,-21.1582,-9.9253
223,B,0.9679,-21.1484,-9.9253
224,B,0.9658,-21.1386,-9.9253
225,B,0.9638,-21.1288,-9.9374
226,B,0.9618,-21.1190,-9.9457
227,B,0.9598,-21.1092,-9.9573
228,B,0.9578,-21.0994,-9.9962
229,B,0.9558,-21.0896,-9.9943
230,B,0.9537,-21.0798,-9.9843
231,B,0.9517,-21.0700,-9.9712
232,B,0.9497,-21.0602,-9.9620
233,B,0.9477,-21.0504,-9.9618
234,B,0.9457,-21.0406,-9.9715
235,B,0.9437,-21.0308,-9.9718
236,B,0.9417,-21.0210,-9.9720
237,B,0.9396,-21.0112,-9.9729
238,B,0.9376,-21.0014,-9.9731
239,B,0.9356,-20.9916,-9.9729
240,B,0.9336,-20.9818,-9.9723
241,B,0.9316,-20.9719,-9.9718
242,B,0.9296,-20.9621,-9.9720
243,B,0.9275,-20.9523,-9.9731
244,B,0.9255,-20.9425,-9.9756
245,B,0.9235,-20.9327,-9.9754
246,B,0.9215,-20.9229,-9.9754
247,B,0.9195,-20.9131,-9.9759
248,B,0.9175,-20.9033,-9.9775
249,B,0.9154,-20.8935,-9.9766
250,B,0.9134,-20.8837,-9.9732
251,B,0.9114,-20.8739,-9.9705
252,B,0.9094,-20.8641,-9.9691
253,B,0.9074,-20.8543,-9.9679
254,B,0.9054,-20.8445,-9.9682
255,B,0.9034,-20.8347,-9.9689
256,B,0.9013,-20.8249,-9.9700
257,B,0.8993,-20.8151,-9.9706
258,B,0.8973,-20.8053,-9.9706
259,B,0.8953,-20.7955,-9.9708
260,B,0.8933,-20.7857,-9.9708
261,B,0.8913,-20.7758,-9.9718
262,B,0.8892,-20.7660,-9.9717
263,B,0.8872,-20.7562,-9.9699
264,B,0.8852,-20.7464,-9.9692
265,B,0.8832,-20.7366,-9.9698
266,B,0.8812,-20.7268,-9.9719
267,B,0.8792,-20.7170,-9.9299
268,B,0.8771,-20.7072,-9.9209
269,B,0.8751,-20.6974,-9.9053
270,B,0.8731,-20.6876,-9.9015
271,B,0.8711,-20.6778,-9.8990
272,B,0.8691,-20.6680,-9.8985
273,B,0.8671,-20.6582,-9.8591
274,B,0.8650,-20.6484,-9.8379
275,B,0.8630,-20.6386,-9.8344
276,B,0.8610,-20.6288,-9.8325
277,B,0.8590,-20.6190,-9.8336
278,B,0.8570,-20.6092,-9.8366
279,B,0.8550,-20.5994,-9.8593
280,B,0.8530,-20.5896,-9.8690
281,B,0.8509,-20.5797,-9.8722
282,B,0.8489,-20.5699,-9.8808
283,B,0.8469,-20.5601,-9.8797
284,B,0.8449,-20.5503,-9.8798
285,B,0.8429,-20.5405,-9.8868
286,B,0.8409,-20.5307,-9.9068
287,B,0.8388,-20.5209,-9.9154
288,B,0.8368,-20.5111,-10.0180
289,B,0.8348,-20.5013,-10.0295
290,B,0.8328,-20.4915,-10.0116
291,B,0.8308,-20.4817,-9.9870
292,B,0.8288,-20.4719,-9.9856
293,B,0.8267,-20.4621,-9.9873
294,B,0.8247,-20.4523,-9.9797
295,B,0.8227,-20.4425,-9.9739
296,B,0.8207,-20.4327,-9.9598
297,B,0.8187,-20.4229,-9.9585
298,B,0.8167,-20.4131,-9.9619
299,B,0.8147,-20.4033,-9.9756
300,B,0.8126,-20.3935,-9.9763
301,B,0.8106,-20.3837,-9.9561
302,B,0.8086,-20.3738,-9.9391
303,B,0.8066,-20.3640,-9.9331
304,B,0.8046,-20.3542,-9.9258
305,B,0.8026,-20.3444,-9.9196
306,B,0.8005,-20.3346,-9.9185
307,B,0.7985,-20.3248,-9.9228
308,B,0.7965,-20.3150,-9.9193
309,B,0.7945,-20.3052,-9.9128
310,B,0.7925,-20.2954,-9.9044
311,B,0.7905,-20.2856,-9.9043
312,B,0.7884,-20.2758,-9.9043
313,B,0.7864,-20.2660,-9.9017
314,B,0.7844,-20.2562,-9.9012
315,B,0.7824,-20.2464,-9.9006
316,B,0.7804,-20.2366,-9.9020
317,B,0.7784,-20.2268,-9.9653
318,B,0.7764,-20.2170,-9.9657
319,B,0.7743,-20.2072,-9.9706
320,B,0.7723,-20.1974,-9.9909
321,B,0.7703,-20.1876,-9.9957
322,B,0.7683,-20.1777,-10.0025
323,B,0.7663,-20.1679,-10.0079
324,B,0.7643,-20.1581,-10.0452
325,B,0.7622,-20.1483,-10.0510
326,B,0.7602,-20.1385,-10.0522
327,B,0.7582,-20.1287,-10.0574
328,B,0.7562,-20.1189,-10.0734
329,B,0.7542,-20.1091,-10.0842
330,B,0.7522,-20.0993,-10.0299
331,B,0.7501,-20.0895,-9.9985
332,B,0.7481,-20.0797,-9.9975
333,B,0.7461,-20.0699,-9.9984
334,B,0.7441,-20.0601,-10.0009
335,B,0.7421,-20.0503,-10.0286
336,B,0.7401,-20.0405,-10.0326
337,B,0.7381,-20.0307,-10.0390
338,B,0.7360,-20.0209,-10.0501
339,B,0.7340,-20.0111,-10.0451
340,B,0.7320,-20.0013,-10.0465
341,B,0.7300,-19.9915,-10.0453
342,B,0.7280,-19.9816,-10.0422
343,B,0.7260,-19.9718,-10.0383
344,B,0.7239,-19.9620,-10.0371
345,B,0.7219,-19.9522,-10.0331
346,B,0.7199,-19.9424,-10.0340
347,B,0.7179,-19.9326,-10.0376
348,B,0.7159,-19.9228,-10.0337
349,B,0.7139,-19.9130,-10.0389
350,B,0.7118,-19.9032,-10.0202
351,B,0.7098,-19.8934,-10.0168
352,B,0.7078,-19.8836,-10.0171
353,B,0.7058,-19.8738,-10.0227
354,B,0.7038,-19.8640,-10.0298
355,B,0.7018,-19.8542,-10.0321
356,B,0.6998,-19.8444,-9.9298
357,B,0.6977,-19.8346,-9.9263
358,B,0.6957,-19.8248,-9.9258
359,B,0.6937,-19.8150,-9.9255
360,B,0.6917,-19.8052,-9.9266
361,B,0.6897,-19.7954,-9.9310
362,B,0.6877,-19.7855,-9.9430
363,B,0.6856,-19.7757,-9.9427
364,B,0.6836,-19.7659,-9.9446
365,B,0.6816,-19.7561,-9.9547
366,B,0.6796,-19.7463,-10.0503
367,B,0.6776,-19.7365,-10.0570
368,B,0.6756,-19.7267,-10.0635
369,B,0.6735,-19.7169,-10.0510
370,B,0.6715,-19.7071,-9.9915
371,B,0.6695,-19.6973,-9.9703
372,B,0.6675,-19.6875,-9.9584
373,B,0.6655,-19.6777,-9.9477
374,B,0.6635,-19.6679,-9.9452
375,B,0.6614,-19.6581,-9.9403
376,B,0.6594,-19.6483,-9.9400
377,B,0.6574,-19.6385,-9.9433
378,B,0.6554,-19.6287,-9.9477
379,B,0.6534,-19.6189,-9.9531
380,B,0.6514,-19.6091,-9.9561
381,B,0.6494,-19.5993,-9.9575
382,B,0.6473,-19.5895,-9.9640
383,B,0.6453,-19.5796,-9.9677
384,B,0.6433,-19.5698,-9.9817
385,B,0.6413,-19.5600,-10.0067
386,B,0.6393,-19.5502,-10.0352
387,B,0.6373,-19.5404,-10.0309
388,B,0.6352,-19.5306,-10.0289
389,B,0.6332,-19.5208,-10.0251
390,B,0.6312,-19.5110,-10.0249
391,B,0.6292,-19.5012,-10.0277
392,B,0.6272,-19.4914,-10.0288
393,B,0.6252,-19.4816,-10.0300
394,B,0.6231,-19.4718,-10.0338
395,B,0.6211,-19.4620,-10.0496
396,B,0.6191,-19.4522,-10.0756
397,B,0.6171,-19.4424,-10.0892
398,B,0.6151,-19.4326,-10.1028
399,B,0.6131,-19.4228,-10.1035
400,B,0.6111,-19.4130,-10.1104
401,B,0.6090,-19.4032,-10.1154
402,B,0.6070,-19.3934,-10.1102
403,B,0.6050,-19.3835,-10.0869
404,B,0.6030,-19.3737,-10.0753
405,B,0.6010,-19.3639,-10.0655
406,B,0.5990,-19.3541,-10.0538
407,B,0.5969,-19.3443,-10.0465
408,B,0.5949,-19.3345,-10.0370
409,B,0.5929,-19.3247,-10.0164
410,B,0.5909,-19.3149,-9.9503
411,B,0.5889,-19.3051,-9.9517
412,B,0.5869,-19.2953,-9.9499
413,B,0.5848,-19.2855,-9.9477
414,B,0.5828,-19.2757,-9.9403
415,B,0.5808,-19.2659,-9.9293
416,B,0.5788,-19.2561,-9.9293
417,B,0.5768,-19.2463,-9.7057
418,B,0.5748,-19.2365,-9.7004
419,B,0.5728,-19.2267,-9.7003
420,B,0.5707,-19.2169,-9.7003
421,B,0.5687,-19.2071,-9.7006
422,B,0.5667,-19.1973,-9.6962
423,B,0.5647,-19.1874,-9.6928
424,B,0.5627,-19.1776,-9.6928
425,B,0.5607,-19.1678,-9.6928
426,B,0.5586,-19.1580,-9.6940
427,B,0.5566,-19.1482,-9.6965
428,B,0.5546,-19.1384,-9.6911
429,B,0.5526,-19.1286,-9.6873
430,B,0.5506,-19.1188,-9.6891
431,B,0.5486,-19.1090,-9.6936
432,B,0.5465,-19.0992,-9.7015
433,B,0.5445,-19.0894,-9.7376
434,B,0.5425,-19.0796,-9.7922
435,B,0.5405,-19.0698,-9.7965
436,B,0.5385,-19.0600,-9.8019
437,B,0.5365,-19.0502,-9.8243
438,B,0.5345,-19.0404,-9.8472
439,B,0.5324,-19.0306,-9.8455
440,B,0.5304,-19.0208,-9.8352
441,B,0.5284,-19.0110,-9.8316
442,B,0.5264,-19.0012,-9.8333
443,B,0.5244,-18.9913,-9.8418
444,B,0.5224,-18.9815,-9.8392
445,B,0.5203,-18.9717,-9.8384
446,B,0.5183,-18.9619,-9.8479
447,B,0.5163,-18.9521,-9.8420
448,B,0.5143,-18.9423,-9.8376
449,B,0.5123,-18.9325,-9.8374
450,B,0.5103,-18.9227,-9.8373
451,B,0.5082,-18.9129,-9.8282
452,B,0.5062,-18.9031,-9.8173
453,B,0.5042,-18.8933,-9.8126
454,B,0.5022,-18.8835,-9.8089
455,B,0.5002,-18.8737,-9.8037
456,B,0.4982,-18.8639,-9.8017
457,B,0.4961,-18.8541,-9.8182
458,B,0.4941,-18.8443,-9.8240
459,B,0.4921,-18.8345,-9.8279
460,B,0.4901,-18.8247,-9.6515
461,B,0.4881,-18.8149,-9.5307
462,B,0.4861,-18.8051,-9.5254
463,B,0.4841,-18.7953,-9.5248
464,B,0.4820,-18.7854,-9.5222
465,B,0.4800,-18.7756,-9.5199
466,B,0.4780,-18.7658,-9.4968
467,B,0.4760,-18.7560,-9.4875
468,B,0.4740,-18.7462,-9.4847
469,B,0.4720,-18.7364,-9.4802
470,B,0.4699,-18.7266,-9.4900
471,B,0.4679,-18.7168,-9.5149
472,B,0.4659,-18.7070,-9.5667
473,B,0.4639,-18.6972,-9.5625
474,B,0.4619,-18.6874,-9.5608
475,B,0.4599,-18.6776,-9.5459
476,B,0.4578,-18.6678,-9.4880
477,B,0.4558,-18.6580,-9.4839
478,B,0.4538,-18.6482,-9.4832
479,B,0.4518,-18.6384,-9.4841
480,B,0.4498,-18.6286,-9.5104
481,B,0.4478,-18.6188,-9.5030
482,B,0.4458,-18.6090,-9.4853
483,B,0.4437,-18.5992,-9.4822
484,B,0.4417,-18.5893,-9.4822
485,B,0.4397,-18.5795,-9.4831
486,B,0.4377,-18.5697,-9.5009
487,B,0.4357,-18.5599,-9.5018
488,B,0.4337,-18.5501,-9.5072
489,B,0.4316,-18.5403,-9.5130
490,B,0.4296,-18.5305,-9.5188
491,B,0.4276,-18.5207,-9.5190
492,B,0.4256,-18.5109,-9.5195
493,B,0.4236,-18.5011,-9.5248
494,B,0.4216,-18.4913,-9.5490
495,B,0.4195,-18.4815,-9.5505
496,B,0.4175,-18.4717,-9.5539
497,B,0.4155,-18.4619,-9.5579
498,B,0.4135,-18.4521,-9.5599
499,B,0.4115,-18.4423,-9.5594
500,B,0.4095,-18.4325,-9.5526
501,B,0.4075,-18.4227,-9.5508
502,B,0.4054,-18.4129,-9.5486
503,B,0.4034,-18.4031,-9.5432
504,B,0.4014,-18.3932,-9.5420
505,B,0.3994,-18.3834,-9.5382
506,B,0.3974,-18.3736,-9.5359
507,B,0.3954,-18.3638,-9.5224
508,B,0.3933,-18.3540,-9.5163
509,B,0.3913,-18.3442,-9.5161
510,B,0.3893,-18.3344,-9.5109
511,B,0.3873,-18.3246,-9.5101
512,B,0.3853,-18.3148,-9.5085
513,B,0.3833,-18.3050,-9.5053
514,B,0.3812,-18.2952,-9.5111
515,B,0.3792,-18.2854,-9.5076
516,B,0.3772,-18.2756,-9.5046
517,B,0.3752,-18.2658,-9.5038
518,B,0.3732,-18.2560,-9.5010
519,B,0.3712,-18.2462,-9.4966
520,B,0.3692,-18.2364,-9.4910
521,B,0.3671,-18.2266,-9.4878
522,B,0.3651,-18.2168,-9.4857
523,B,0.3631,-18.2070,-9.4857
524,B,0.3611,-18.1972,-9.4819
525,B,0.3591,-18.1873,-9.4819
526,B,0.3571,-18.1775,-9.4742
527,B,0.3550,-18.1677,-9.4693
528,B,0.3530,-18.1579,-9.4665
529,B,0.3510,-18.1481,-9.4655
530,B,0.3490,-18.1383,-9.4656
531,B,0.3470,-18.1285,-9.4652
532,B,0.3450,-18.1187,-9.4633
533,B,0.3429,-18.1089,-9.4662
534,B,0.3409,-18.0991,-9.4763
535,B,0.3389,-18.0893,-9.4788
536,B,0.3369,-18.0795,-9.4735
537,B,0.3349,-18.0697,-9.4740
538,B,0.3329,-18.0599,-9.4686
539,B,0.3309,-18.0501,-9.4563
540,B,0.3288,-18.0403,-9.4609
541,B,0.3268,-18.0305,-9.4609
542,B,0.3248,-18.0207,-9.4616
543,B,0.3228,-18.0109,-9.4604
544,B,0.3208,-18.0011,-9.4604
545,B,0.3188,-17.9912,-9.4794
546,B,0.3167,-17.9814,-9.4794
547,B,0.3147,-17.9716,-9.4845
548,B,0.3127,-17.9618,-9.4831
549,B,0.3107,-17.9520,-9.4831
550,B,0.3087,-17.9422,-9.4850
551,B,0.3067,-17.9324,-9.4904
552,B,0.3046,-17.9226,-9.4886
553,B,0.3026,-17.9128,-9.4889
554,B,0.3006,-17.9030,-9.5049
555,B,0.2986,-17.8932,-9.5066
556,B,0.2966,-17.8834,-9.5091
557,B,0.2946,-17.8736,-9.5149
558,B,0.2925,-17.8638,-9.5212
559,B,0.2905,-17.8540,-9.5299
560,B,0.2885,-17.8442,-9.5350
561,B,0.2865,-17.8344,-9.5362
562,B,0.2845,-17.8246,-9.5526
563,B,0.2825,-17.8148,-9.5526
564,B,0.2805,-17.8050,-9.5581
565,B,0.2784,-17.7951,0.0000
566,B,0.2764,-17.7853,0.0000
567,B,0.2744,-17.7755,-9.6433
568,B,0.2724,-17.7657,-9.6263
569,B,0.2704,-17.7559,-9.6280
570,B,0.2684,-17.7461,-9.6424
571,B,0.2663,-17.7363,-9.6402
572,B,0.2643,-17.7265,-9.6455
573,B,0.2623,-17.7167,-9.6593
574,B,0.2603,-17.7069,-9.6322
575,B,0.2583,-17.6971,-9.6364
576,B,0.2563,-17.6873,-9.6469
577,B,0.2542,-17.6775,-9.6564
578,B,0.2522,-17.6677,-9.6711
579,B,0.2502,-17.6579,-9.6807
580,B,0.2482,-17.6481,-9.6840
581,B,0.2462,-17.6383,-9.7232
582,B,0.2442,-17.6285,-9.7193
583,B,0.2422,-17.6187,-9.7174
584,B,0.2401,-17.6089,-9.7052
585,B,0.2381,-17.5990,-9.6988
586,B,0.2361,-17.5892,-9.6858
587,B,0.2341,-17.5794,-9.6799
588,B,0.2321,-17.5696,-9.6712
589,B,0.2301,-17.5598,-9.6667
590,B,0.2280,-17.5500,-9.6657
591,B,0.2260,-17.5402,-9.6622
592,B,0.2240,-17.5304,-9.6518
593,B,0.2220,-17.5206,-9.6469
594,B,0.2200,-17.5108,-9.6469
595,B,0.2180,-17.5010,-9.6491
596,B,0.2159,-17.4912,-9.6534
597,B,0.2139,-17.4814,-9.6571
598,B,0.2119,-17.4716,-9.6532
599,B,0.2099,-17.4618,-9.6331
600,B,0.2079,-17.4520,-9.6296
601,B,0.2059,-17.4422,-9.6295
602,B,0.2039,-17.4324,-9.6249
603,B,0.2018,-17.4226,-9.5895
604,B,0.1998,-17.4128,-9.5716
605,B,0.1978,-17.4030,-9.5674
606,B,0.1958,-17.3931,-9.5675
607,B,0.1938,-17.3833,-9.5769
608,B,0.1918,-17.3735,-9.5663
609,B,0.1897,-17.3637,-9.5241
610,B,0.1877,-17.3539,-9.5206
611,B,0.1857,-17.3441,-9.5192
612,B,0.1837,-17.3343,-9.5196
613,B,0.1817,-17.3245,-9.5225
614,B,0.1797,-17.3147,-9.5298
615,B,0.1776,-17.3049,-9.5228
616,B,0.1756,-17.2951,-9.5203
617,B,0.1736,-17.2853,-9.5203
618,B,0.1716,-17.2755,-9.5006
619,B,0.1696,-17.2657,-9.4630
620,B,0.1676,-17.2559,-9.4608
621,B,0.1656,-17.2461,-9.4593
622,B,0.1635,-17.2363,-9.4560
623,B,0.1615,-17.2265,-9.4535
624,B,0.1595,-17.2167,-9.4360
625,B,0.1575,-17.2069,-9.4360
626,B,0.1555,-17.1970,-9.4298
627,B,0.1535,-17.1872,-9.4276
628,B,0.1514,-17.1774,-9.4245
629,B,0.1494,-17.1676,-9.4157
630,B,0.1474,-17.1578,-9.4119
631,B,0.1454,-17.1480,-9.4107
632,B,0.1434,-17.1382,-9.4107
633,B,0.1414,-17.1284,-9.4064
634,B,0.1393,-17.1186,-9.4031
635,B,0.1373,-17.1088,-9.4031
636,B,0.1353,-17.0990,-9.4031
637,B,0.1333,-17.0892,-9.4323
638,B,0.1313,-17.0794,-9.4269
639,B,0.1293,-17.0696,-9.4203
640,B,0.1273,-17.0598,-9.4195
641,B,0.1252,-17.0500,-9.4195
642,B,0.1232,-17.0402,-9.4218
643,B,0.1212,-17.0304,-9.4343
644,B,0.1192,-17.0206,-9.4343
645,B,0.1172,-17.0108,-9.4361
646,B,0.1152,-17.0009,-9.4465
647,B,0.1131,-16.9911,-9.4520
648,B,0.1111,-16.9813,-9.4533
649,B,0.1091,-16.9715,-9.4561
650,B,0.1071,-16.9617,-9.4655
651,B,0.1051,-16.9519,-9.4868
652,B,0.1031,-16.9421,-9.4924
653,B,0.1010,-16.9323,-9.6803
654,B,0.0990,-16.9225,-9.6808
655,B,0.0970,-16.9127,-9.6811
656,B,0.0950,-16.9029,-9.6824
657,B,0.0930,-16.8931,-9.6843
658,B,0.0910,-16.8833,-9.6826
659,B,0.0889,-16.8735,-9.6826
660,B,0.0869,-16.8637,-9.6857
661,B,0.0849,-16.8539,-9.6819
662,B,0.0829,-16.8441,-9.6819
663,B,0.0809,-16.8343,-9.6935
664,B,0.0789,-16.8245,-9.7049
665,B,0.0769,-16.8147,-9.7110
666,B,0.0748,-16.8049,-9.7070
667,B,0.0728,-16.7950,-9.7090
668,B,0.0708,-16.7852,-9.7123
669,B,0.0688,-16.7754,-9.7222
670,B,0.0668,-16.7656,-9.4987
671,B,0.0648,-16.7558,-9.4584
672,B,0.0627,-16.7460,-9.4468
673,B,0.0607,-16.7362,-9.4469
674,B,0.0587,-16.7264,-9.4420
675,B,0.0567,-16.7166,-9.4420
676,B,0.0547,-16.7068,-9.4237
677,B,0.0527,-16.6970,-9.5039
678,B,0.0506,-16.6872,-9.5060
679,B,0.0486,-16.6774,-9.5103
680,B,0.0466,-16.6676,-9.4974
681,B,0.0446,-16.6578,-9.4977
682,B,0.0426,-16.6480,-9.5069
683,B,0.0406,-16.6382,-9.5474
684,B,0.0386,-16.6284,-9.5892
685,B,0.0365,-16.6186,-9.5423
686,B,0.0345,-16.6088,-9.4959
687,B,0.0325,-16.5989,-9.4915
688,B,0.0305,-16.5891,-9.4916
689,B,0.0285,-16.5793,-9.5029
690,B,0.0265,-16.5695,-9.5172
691,B,0.0244,-16.5597,-9.5651
692,B,0.0224,-16.5499,-9.5472
693,B,0.0204,-16.5401,-9.4919
694,B,0.0184,-16.5303,-9.4777
695,B,0.0164,-16.5205,-9.4009
696,B,0.0144,-16.5107,-9.4003
697,B,0.0123,-16.5009,-9.4058
698,B,0.0103,-16.4911,-9.3371
699,B,0.0083,-16.4813,-9.3349
700,B,0.0063,-16.4715,-9.3350
701,B,0.0043,-16.4617,-9.3317
702,B,0.0023,-16.4519,-9.2919
703,B,0.0003,-16.4421,-9.2137
704,B,-0.0018,-16.4323,-9.2095
705,B,-0.0038,-16.4225,-9.2095
706,B,-0.0058,-16.4127,-9.2169
707,B,-0.0078,-16.4028,-9.2082
708,B,-0.0098,-16.3930,-9.2060
709,B,-0.0118,-16.3832,-9.2072
710,B,-0.0139,-16.3734,-9.2127
711,B,-0.0159,-16.3636,-9.2181
712,B,-0.0179,-16.3538,-9.2126
713,B,-0.0199,-16.3440,-9.2117
714,B,-0.0219,-16.3342,-9.2106
715,B,-0.0239,-16.3244,-9.2071
716,B,-0.0260,-16.3146,-9.2061
717,B,-0.0280,-16.3048,-9.2061
718,B,-0.0300,-16.2950,-9.2074
719,B,-0.0320,-16.2852,-9.2155
720,B,-0.0340,-16.2754,-9.2370
721,B,-0.0360,-16.2656,-9.3509
722,B,-0.0380,-16.2558,-9.3509
723,B,-0.0401,-16.2460,-9.3673
724,B,-0.0421,-16.2362,-9.3673
725,B,-0.0441,-16.2264,-9.3689
726,B,-0.0461,-16.2166,-9.4065
727,B,-0.0481,-16.2067,-9.3058
728,B,-0.0501,-16.1969,-9.2460
729,B,-0.0522,-16.1871,-9.2348
730,B,-0.0542,-16.1773,-9.2188
731,B,-0.0562,-16.1675,-9.2070
732,B,-0.0582,-16.1577,-9.2031
733,B,-0.0602,-16.1479,-9.2032
734,B,-0.0622,-16.1381,-9.1966
735,B,-0.0643,-16.1283,-9.1888
736,B,-0.0663,-16.1185,-9.1894
737,B,-0.0683,-16.1087,-9.2062
738,B,-0.0703,-16.0989,-9.2322
739,B,-0.0723,-16.0891,-9.2782
740,B,-0.0743,-16.0793,-9.3001
741,B,-0.0764,-16.0695,-9.3046
742,B,-0.0784,-16.0597,-9.3046
743,B,-0.0804,-16.0499,-9.3061
744,B,-0.0824,-16.0401,-9.3111
745,B,-0.0844,-16.0303,-9.3239
746,B,-0.0864,-16.0205,-9.3388
747,B,-0.0884,-16.0107,-9.3463
748,B,-0.0905,-16.0008,-9.3481
749,B,-0.0925,-15.9910,-9.3500
750,B,-0.0945,-15.9812,-9.3554
751,B,-0.0965,-15.9714,-9.3692
752,B,-0.0985,-15.9616,-9.3777
753,B,-0.1005,-15.9518,-9.3797
754,B,-0.1026,-15.9420,-9.3805
755,B,-0.1046,-15.9322,-9.3752
756,B,-0.1066,-15.9224,-9.3706
757,B,-0.1086,-15.9126,-9.3671
758,B,-0.1106,-15.9028,-9.3669
759,B,-0.1126,-15.8930,-9.1105
760,B,-0.1147,-15.8832,-9.0891
761,B,-0.1167,-15.8734,-9.0848
762,B,-0.1187,-15.8636,-9.0883
763,B,-0.1207,-15.8538,-9.0883
764,B,-0.1227,-15.8440,-9.0884
765,B,-0.1247,-15.8342,-9.1043
766,B,-0.1267,-15.8244,-9.0998
767,B,-0.1288,-15.8146,-9.0853
768,B,-0.1308,-15.8047,-9.0837
769,B,-0.1328,-15.7949,-9.0909
770,B,-0.1348,-15.7851,-9.0912
771,B,-0.1368,-15.7753,-9.0735
772,B,-0.1388,-15.7655,-9.0514
773,B,-0.1409,-15.7557,-9.0520
774,B,-0.1429,-15.7459,-9.0751
775,B,-0.1449,-15.7361,-9.0875
776,B,-0.1469,-15.7263,-9.0893
777,B,-0.1489,-15.7165,-9.0994
778,B,-0.1509,-15.7067,-9.0922
779,B,-0.1530,-15.6969,-9.0764
780,B,-0.1550,-15.6871,-9.0687
781,B,-0.1570,-15.6773,-9.0687
782,B,-0.1590,-15.6675,-9.1864
783,B,-0.1610,-15.6577,0.0000
784,B,-0.1630,-15.6479,-9.4042
785,B,-0.1650,-15.6381,-9.3989
786,B,-0.1671,-15.6283,-9.3989
787,B,-0.1691,-15.6185,-9.4530
788,B,-0.1711,-15.6086,-9.5252
789,B,-0.1731,-15.5988,-9.5249
790,B,-0.1751,-15.5890,-9.5135
791,B,-0.1771,-15.5792,-9.5011
792,B,-0.1792,-15.5694,-9.4917
793,B,-0.1812,-15.5596,-9.4849
794,B,-0.1832,-15.5498,-9.4763
795,B,-0.1852,-15.5400,-9.4737
796,B,-0.1872,-15.5302,-9.4651
797,B,-0.1892,-15.5204,-9.4536
798,B,-0.1913,-15.5106,-9.4457
799,B,-0.1933,-15.5008,-9.4466
800,B,-0.1953,-15.4910,-9.4551
801,B,-0.1973,-15.4812,-9.4422
802,B,-0.1993,-15.4714,-9.4199
803,B,-0.2013,-15.4616,-9.3764
804,B,-0.2033,-15.4518,-9.3698
805,B,-0.2054,-15.4420,-9.3636
806,B,-0.2074,-15.4322,-9.3613
807,B,-0.2094,-15.4224,-9.3589
808,B,-0.2114,-15.4126,-9.3461
809,B,-0.2134,-15.4027,-9.3420
810,B,-0.2154,-15.3929,-9.3405
811,B,-0.2175,-15.3831,-9.3361
812,B,-0.2195,-15.3733,-9.3299
813,B,-0.2215,-15.3635,-9.3292
814,B,-0.2235,-15.3537,-9.3344
815,B,-0.2255,-15.3439,-9.3365
816,B,-0.2275,-15.3341,-9.3436
817,B,-0.2296,-15.3243,-9.3456
818,B,-0.2316,-15.3145,-9.3435
819,B,-0.2336,-15.3047,-9.3438
820,B,-0.2356,-15.2949,-9.3525
821,B,-0.2376,-15.2851,-9.4359
822,B,-0.2396,-15.2753,-9.4359
823,B,-0.2416,-15.2655,-9.4364
824,B,-0.2437,-15.2557,-9.4381
825,B,-0.2457,-15.2459,-9.4394
826,B,-0.2477,-15.2361,-9.4536
827,B,-0.2497,-15.2263,-9.4869
828,B,-0.2517,-15.2165,-9.5441
829,B,-0.2537,-15.2066,-9.5375
830,B,-0.2558,-15.1968,-9.5365
831,B,-0.2578,-15.1870,-9.5170
832,B,-0.2598,-15.1772,-9.4927
833,B,-0.2618,-15.1674,-9.4767
834,B,-0.2638,-15.1576,-9.4585
835,B,-0.2658,-15.1478,-9.4368
836,B,-0.2679,-15.1380,-9.4325
837,B,-0.2699,-15.1282,-9.4315
838,B,-0.2719,-15.1184,-9.4342
839,B,-0.2739,-15.1086,-9.4618
840,B,-0.2759,-15.0988,-9.4647
841,B,-0.2779,-15.0890,-9.4766
842,B,-0.2800,-15.0792,-9.4812
843,B,-0.2820,-15.0694,-9.4966
844,B,-0.2840,-15.0596,-9.4911
845,B,-0.2860,-15.0498,-9.4905
846,B,-0.2880,-15.0400,-9.4905
847,B,-0.2900,-15.0302,-9.5107
848,B,-0.2920,-15.0204,-9.5342
849,B,-0.2941,-15.0105,-9.5224
850,B,-0.2961,-15.0007,-9.5224
851,B,-0.2981,-14.9909,-9.4877
852,B,-0.3001,-14.9811,-9.3637
853,B,-0.3021,-14.9713,-9.3468
854,B,-0.3041,-14.9615,-9.3468
855,B,-0.3062,-14.9517,-9.3470
856,B,-0.3082,-14.9419,-9.3487
857,B,-0.3102,-14.9321,-9.3446
858,B,-0.3122,-14.9223,-9.3389
859,B,-0.3142,-14.9125,-9.3373
860,B,-0.3162,-14.9027,-9.3373
861,B,-0.3183,-14.8929,-9.3425
862,B,-0.3203,-14.8831,-9.3859
863,B,-0.3223,-14.8733,-9.3748
864,B,-0.3243,-14.8635,-9.3725
865,B,-0.3263,-14.8537,-9.3757
866,B,-0.3283,-14.8439,-9.3925
867,B,-0.3303,-14.8341,-9.4036
868,B,-0.3324,-14.8243,-9.4111
869,B,-0.3344,-14.8144,-9.4277
870,B,-0.3364,-14.8046,-9.4236
871,B,-0.3384,-14.7948,-9.4285
872,B,-0.3404,-14.7850,-9.4680
873,B,-0.3424,-14.7752,-9.5801
874,B,-0.3445,-14.7654,-9.6231
875,B,-0.3465,-14.7556,-9.6739
876,B,-0.3485,-14.7458,-9.6942
877,B,-0.3505,-14.7360,-9.7141
878,B,-0.3525,-14.7262,-9.7151
879,B,-0.3545,-14.7164,-9.7145
880,B,-0.3566,-14.7066,-9.7145
881,B,-0.3586,-14.6968,-9.7085
882,B,-0.3606,-14.6870,-9.6844
883,B,-0.3626,-14.6772,-9.6742
884,B,-0.3646,-14.6674,-9.6632
885,B,-0.3666,-14.6576,-9.6492
886,B,-0.3686,-14.6478,-9.6222
887,B,-0.3707,-14.6380,-9.5904
888,B,-0.3727,-14.6282,-9.5637
889,B,-0.3747,-14.6184,-9.5428
890,B,-0.3767,-14.6085,-9.5363
891,B,-0.3787,-14.5987,-9.5333
892,B,-0.3807,-14.5889,-9.5318
893,B,-0.3828,-14.5791,-9.5247
894,B,-0.3848,-14.5693,-9.5247
895,B,-0.3868,-14.5595,-9.5252
896,B,-0.3888,-14.5497,-9.5270
897,B,-0.3908,-14.5399,-9.5348
898,B,-0.3928,-14.5301,-9.5175
899,B,-0.3949,-14.5203,-9.5209
900,B,-0.3969,-14.5105,-9.5178
901,B,-0.3989,-14.5007,-9.5160
902,B,-0.4009,-14.4909,-9.5166
903,B,-0.4029,-14.4811,-9.5194
904,B,-0.4049,-14.4713,-9.5258
905,B,-0.4069,-14.4615,-9.5274
906,B,-0.4090,-14.4517,-9.5291
907,B,-0.4110,-14.4419,-9.5263
908,B,-0.4130,-14.4321,-9.5220
909,B,-0.4150,-14.4223,-9.5098
910,B,-0.4170,-14.4124,-9.5098
911,B,-0.4190,-14.4026,-9.5120
912,B,-0.4211,-14.3928,-9.5171
913,B,-0.4231,-14.3830,-9.5479
914,B,-0.4251,-14.3732,-9.5366
915,B,-0.4271,-14.3634,-9.5310
916,B,-0.4291,-14.3536,-9.5305
917,B,-0.4311,-14.3438,-9.5305
918,B,-0.4332,-14.3340,-9.5343
919,B,-0.4352,-14.3242,-9.6022
920,B,-0.4372,-14.3144,-9.6422
921,B,-0.4392,-14.3046,-9.6422
922,B,-0.4412,-14.2948,-9.6429
923,B,-0.4432,-14.2850,-9.6448
924,B,-0.4452,-14.2752,-9.6443
925,B,-0.4473,-14.2654,-9.6396
926,B,-0.4493,-14.2556,-9.6366
927,B,-0.4513,-14.2458,-9.6361
928,B,-0.4533,-14.2360,-9.6301
929,B,-0.4553,-14.2262,-9.5979
930,B,-0.4573,-14.2163,-9.5928
931,B,-0.4594,-14.2065,-9.5933
932,B,-0.4614,-14.1967,-9.5882
933,B,-0.4634,-14.1869,-9.5755
934,B,-0.4654,-14.1771,-9.5529
935,B,-0.4674,-14.1673,-9.5381
936,B,-0.4694,-14.1575,-9.5379
937,B,-0.4715,-14.1477,-9.5334
938,B,-0.4735,-14.1379,-9.5319
939,B,-0.4755,-14.1281,-9.5273
940,B,-0.4775,-14.1183,-9.5252
941,B,-0.4795,-14.1085,-9.5239
942,B,-0.4815,-14.0987,-9.5239
943,B,-0.4836,-14.0889,-9.5269
944,B,-0.4856,-14.0791,-9.5370
945,B,-0.4876,-14.0693,-9.5653
946,B,-0.4896,-14.0595,-9.5636
947,B,-0.4916,-14.0497,-9.5586
948,B,-0.4936,-14.0399,-9.5589
949,B,-0.4956,-14.0301,-9.5653
950,B,-0.4977,-14.0202,-9.5722
951,B,-0.4997,-14.0104,-9.5662
952,B,-0.5017,-14.0006,-9.5636
953,B,-0.5037,-13.9908,-9.5636
954,B,-0.5057,-13.9810,-9.5662
955,B,-0.5077,-13.9712,-9.5693
956,B,-0.5098,-13.9614,-9.5760
957,B,-0.5118,-13.9516,-9.6311
958,B,-0.5138,-13.9418,-9.6299
959,B,-0.5158,-13.9320,-9.6299
960,B,-0.5178,-13.9222,-9.6328
961,B,-0.5198,-13.9124,-9.6700
962,B,-0.5219,-13.9026,-9.6840
963,B,-0.5239,-13.8928,-9.6892
964,B,-0.5259,-13.8830,-9.7113
965,B,-0.5279,-13.8732,-9.7343
966,B,-0.5299,-13.8634,-9.8295
967,B,-0.5319,-13.8536,-9.8535
968,B,-0.5339,-13.8438,-9.8538
969,B,-0.5360,-13.8340,-9.8536
970,B,-0.5380,-13.8242,-9.8513
971,B,-0.5400,-13.8143,-9.8457
972,B,-0.5420,-13.8045,-9.8431
973,B,-0.5440,-13.7947,-9.7003
974,B,-0.5460,-13.7849,-9.8386
975,B,-0.5481,-13.7751,-9.8264
976,B,-0.5501,-13.7653,-9.8211
977,B,-0.5521,-13.7555,-9.8072
978,B,-0.5541,-13.7457,-9.6932
979,B,-0.5561,-13.7359,-9.6770
980,B,-0.5581,-13.7261,-9.6740
981,B,-0.5602,-13.7163,-9.6722
982,B,-0.5622,-13.7065,-9.6732
983,B,-0.5642,-13.6967,-9.6774
984,B,-0.5662,-13.6869,-9.6789
985,B,-0.5682,-13.6771,-9.6755
986,B,-0.5702,-13.6673,-9.6755
987,B,-0.5722,-13.6575,-9.6820
988,B,-0.5743,-13.6477,-9.7268
989,B,-0.5763,-13.6379,-9.7273
990,B,-0.5783,-13.6281,-9.7295
991,B,-0.5803,-13.6182,-9.7379
992,B,-0.5823,-13.6084,-9.8032
993,B,-0.5843,-13.5986,-9.7693
994,B,-0.5864,-13.5888,-9.6428
995,B,-0.5884,-13.5790,-9.6363
996,B,-0.5904,-13.5692,-9.6299
997,B,-0.5924,-13.5594,-9.6279
998,B,-0.5944,-13.5496,-9.6257
999,B,-0.5964,-13.5398,-9.5987
1000,B,-0.5985,-13.5300,-9.5610
