layer,level,class,id,plot_id,percentage_inside,Site,cover,clumpy,pd,pland
1,class,1,NA,1,99.99391446,ana,coral,0.992040707,2.000121718,1.238353818
1,class,1,NA,2,99.89351896,ana,coral,0.990401091,8.008527563,6.009120047
1,class,1,NA,3,99.99391446,ana,coral,0.995174274,4.000243437,3.218911865
1,class,1,NA,4,99.99391446,ana,coral,0.995263018,3.000182577,3.67172917
1,class,1,NA,5,99.89351896,ana,coral,0.997965772,1.001065945,1.014428278
1,class,1,NA,7,99.99391446,ana,coral,0.991441416,2.000121718,0.541401017
1,class,1,NA,8,99.99391446,ana,coral,0.99695573,1.000060859,0.659478962
1,class,1,NA,9,99.89351896,ana,coral,0.998412736,1.001065945,1.797316563
1,class,1,NA,11,100.094512,ana,coral,0.993246041,2.997167319,5.325523198
1,class,1,NA,14,100.094512,ana,coral,0.995872884,1.998111546,0.960323707
1,class,1,NA,17,100.094512,ana,coral,0.993023981,1.998111546,1.81076063
1,class,1,NA,18,100.094512,ana,coral,0.999053762,0.999055773,2.928397005
1,class,1,NA,21,99.99391446,ana,coral,1,1.000060859,4.04E-04
1,class,1,NA,23,99.99391446,ana,coral,0.992028602,2.000121718,1.151689252
1,class,1,NA,24,99.99391446,ana,coral,0.989833826,3.000182577,1.110781153
1,class,1,NA,25,99.89351896,ana,coral,0.995978842,1.001065945,1.039301133
1,class,1,NA,40,99.99391446,ana,coral,0.998193787,1.000060859,0.513118874
1,class,1,NA,42,99.99401546,ana,coral,0.998174718,1.000059849,1.903689301
1,class,1,NA,49,99.99401546,ana,coral,0.999064343,1.000059849,1.157647534
1,class,1,NA,50,100.094512,ana,coral,0.996595116,0.999055773,0.453371274
1,class,1,NA,57,99.99391446,ana,coral,0.998070606,1.000060859,1.311180335
1,class,1,NA,63,100.094512,ana,coral,0.994515031,0.999055773,0.675062057
1,class,1,NA,64,100.094512,ana,coral,0.991311375,2.997167319,2.395309883
1,class,1,NA,73,99.99391446,ana,coral,0.995422515,1.000060859,1.058560197
1,class,1,NA,76,99.89351896,ana,coral,0.99829014,2.002131891,1.147386834
1,class,1,NA,82,99.89351896,ana,coral,0.992255691,3.003197836,0.965693659
1,class,1,NA,84,99.99391446,ana,coral,0.99770165,1.000060859,1.280170986
1,class,1,NA,93,100.094512,ana,coral,0.997965594,0.999055773,0.961433674
1,class,1,NA,100,100.094512,ana,coral,0.993353885,2.997167319,2.459587092
1,class,1,NA,103,99.99391446,ana,coral,0.997028192,1.000060859,0.433322829
1,class,1,NA,104,99.99391446,ana,coral,0.996661864,1.000060859,0.817555938
1,class,1,NA,105,99.89351896,ana,coral,0.997583501,1.001065945,1.282974227
1,class,1,NA,106,99.89351896,ana,coral,0.991245789,2.002131891,1.723203543
1,class,1,NA,108,99.99391446,ana,coral,0.990321503,3.000182577,1.880459464
1,class,1,NA,109,99.89351896,ana,coral,0.991220515,3.003197836,2.75229265
1,class,1,NA,110,99.99391446,ana,coral,0.993405732,1.000060859,0.757355377
1,class,1,NA,111,99.99391446,ana,coral,0.992866368,4.000243437,4.3743384
1,class,1,NA,112,99.89351896,ana,coral,0.997507753,1.001065945,2.363123464
1,class,1,NA,115,99.89351896,ana,coral,0.992930917,3.003197836,3.819196587
1,class,1,NA,118,99.99391446,ana,coral,0.984651964,2.000121718,0.081917206
1,class,1,NA,121,100.094512,ana,coral,0.993123052,1.998111546,1.829630078
1,class,1,NA,122,99.99401546,ana,coral,0.995450683,2.000119698,2.921845408
1,class,1,NA,125,99.99401546,ana,coral,0.9619812,1.000059849,0.018686397
1,class,1,NA,126,99.99401546,ana,coral,0.995417282,2.000119698,1.832276963
1,class,1,NA,127,100.094512,ana,coral,0.994717757,1.998111546,1.793303869
1,class,1,NA,129,99.99401546,ana,coral,0.997756193,1.000059849,1.218757102
1,class,1,NA,130,100.094512,ana,coral,0.985655815,0.999055773,0.101814292
1,class,1,NA,131,99.99391446,ana,coral,0.995978493,1.000060859,1.038156651
1,class,1,NA,132,99.89351896,ana,coral,0.992133269,1.001065945,0.426074032
1,class,1,NA,136,99.89351896,ana,coral,0.991987369,2.002131891,0.797650223
1,class,1,NA,137,99.99391446,ana,coral,0.992333369,2.000121718,0.812707571
1,class,1,NA,140,99.99391446,ana,coral,0.994836907,1.000060859,0.56837006
1,class,1,NA,142,99.89351896,ana,coral,0.992279275,1.001065945,0.27451139
1,class,1,NA,143,99.99391446,ana,coral,0.995851659,2.000121718,2.526504408
1,class,1,NA,144,99.99391446,ana,coral,0.996049831,2.000121718,0.456352573
1,class,1,NA,145,99.89351896,ana,coral,0.992445807,3.003197836,2.755730362
1,class,1,NA,147,99.99391446,ana,coral,0.997758309,1.000060859,0.711901934
1,class,1,NA,161,99.99391446,ana,coral,0.996427175,2.000121718,3.841826057
1,class,1,NA,162,99.89351896,ana,coral,0.99482893,2.002131891,1.480945977
1,class,1,NA,171,99.99391446,ana,coral,0.997906917,1.000060859,1.48178226
1,class,1,NA,172,99.89351896,ana,coral,0.99024678,2.002131891,1.090057936
1,class,1,NA,173,99.99391446,ana,coral,0.66666229,1.000060859,0.001313099
1,class,1,NA,174,99.99391446,ana,coral,0.997249089,1.000060859,1.674807883
1,class,1,NA,175,99.89351896,ana,coral,0.995518788,1.001065945,0.425770705
1,class,1,NA,179,99.89351896,ana,coral,0.998499342,1.001065945,1.308655956
1,class,1,NA,186,99.99401546,ana,coral,0.995219799,2.000119698,2.900532815
1,class,1,NA,189,99.99401546,ana,coral,0.994776074,2.000119698,3.328602813
1,class,1,NA,191,99.99391446,ana,coral,0.994927141,1.000060859,0.173733162
1,class,1,NA,192,99.89351896,ana,coral,0.995697557,3.003197836,4.863755397
1,class,1,NA,193,99.99391446,ana,coral,0.996529862,1.000060859,0.845939088
1,class,1,NA,196,99.89351896,ana,coral,0.99572058,1.001065945,0.553977129
1,class,1,NA,197,99.99391446,ana,coral,0.997319129,2.000121718,0.980279266
1,class,1,NA,198,99.99391446,ana,coral,0.998101932,2.000121718,3.636376492
1,class,1,NA,201,100.094512,ana,coral,0.996400651,0.999055773,0.571532361
1,class,1,NA,202,99.99401546,ana,coral,0.998969065,1.000059849,1.049973486
1,class,1,NA,204,100.094512,ana,coral,0.997020034,0.999055773,0.655788985
1,class,1,NA,207,100.094512,ana,coral,0.997998544,1.998111546,1.83689532
1,class,1,NA,208,100.094512,ana,coral,0.992551275,2.997167319,3.33262699
1,class,1,NA,209,99.99401546,ana,coral,0.995296799,1.000059849,0.405343299
1,class,1,NA,210,100.094512,ana,coral,0.994291058,0.999055773,0.244192852
1,class,1,NA,213,99.99391446,ana,coral,0.997401376,1.000060859,0.713215033
1,class,1,NA,217,99.99391446,ana,coral,0.99849231,2.000121718,1.856823673
1,class,1,NA,219,99.89351896,ana,coral,0.996796743,1.001065945,0.852956938
1,class,1,NA,220,99.99391446,ana,coral,1,1.000060859,4.04E-04
1,class,1,NA,222,99.89351896,ana,coral,0.997443908,1.001065945,0.484009585
1,class,1,NA,223,99.99391446,ana,coral,0.992154594,4.000243437,3.107096394
1,class,1,NA,228,99.99391446,ana,coral,0.995402405,2.000121718,0.750284842
1,class,1,NA,229,99.89351896,ana,coral,0.995201608,2.002131891,1.390149945
1,class,1,NA,231,100.094512,ana,coral,0.995645166,1.998111546,4.255918145
1,class,1,NA,232,99.99401546,ana,coral,0.998408903,1.000059849,0.776647054
1,class,1,NA,238,100.094512,ana,coral,0.998400116,0.999055773,0.932877238
1,class,1,NA,240,100.094512,ana,coral,0.99798759,0.999055773,2.563419507
1,class,1,NA,242,99.89351896,ana,coral,0.99461919,2.002131891,2.521965967
1,class,1,NA,243,99.99391446,ana,coral,0.997505521,1.000060859,1.366532529
1,class,1,NA,247,99.99391446,ana,coral,0.995144369,2.000121718,3.142752095
1,class,0,NA,11,99.94930406,man,coral,0.992724864,1.000507217,0.419365702
1,class,0,NA,15,99.94930406,man,coral,0.997682319,1.000507217,1.625363998
1,class,0,NA,21,100.0900777,man,coral,0.99616953,0.999100033,0.55586217
1,class,0,NA,25,100.0900777,man,coral,0.938092237,0.999100033,0.042926011
1,class,0,NA,35,99.94930406,man,coral,0.997811398,1.000507217,2.195677582
1,class,0,NA,36,99.94930406,man,coral,0.991112224,3.00152165,4.022503516
1,class,0,NA,46,100.0900777,man,coral,0.991854896,2.9973001,2.926287929
1,class,0,NA,53,99.80872838,man,coral,0.996785358,1.001916382,0.821662369
1,class,0,NA,60,99.94930406,man,coral,0.998220425,1.000507217,3.067886928
1,class,0,NA,65,100.0900777,man,coral,0.998034329,0.999100033,2.873273316
1,class,0,NA,66,100.0900777,man,coral,0.994357944,0.999100033,1.367302249
1,class,0,NA,71,99.94930406,man,coral,0.992380784,2.001014433,3.124740001
1,class,0,NA,74,99.94930406,man,coral,0.99441766,1.000507217,1.49422555
1,class,0,NA,75,99.94930406,man,coral,0.985909841,13.00659382,24.33628494
1,class,0,NA,76,99.94930406,man,coral,0.989323328,5.002536083,6.207087815
1,class,0,NA,81,100.0900777,man,coral,0.989612213,6.993700234,11.23514157
1,class,0,NA,85,100.0900777,man,coral,0.987301591,8.991900301,10.72517264
1,class,0,NA,86,100.0900777,man,coral,0.993839697,1.998200067,3.210153485
1,class,0,NA,91,100.0900777,man,coral,0.993636608,1.998200067,3.171381604
1,class,0,NA,93,99.94930406,man,coral,0.993247072,2.001014433,1.658841941
1,class,0,NA,95,100.0900777,man,coral,0.990708168,1.998200067,1.863226256
1,class,0,NA,96,100.0900777,man,coral,0.991928775,0.999100033,1.143177039
1,class,0,NA,101,99.94930406,man,coral,0.99376873,2.001014433,2.854539332
1,class,0,NA,102,99.94930406,man,coral,0.997033682,1.000507217,1.129533884
1,class,0,NA,103,99.80872838,man,coral,0.993620263,3.005749145,3.122197977
1,class,0,NA,104,99.94930406,man,coral,1,1.000507217,7.92E-04
1,class,0,NA,112,100.0900777,man,coral,0.987281971,7.992800267,11.49764303
1,class,0,NA,113,99.94930406,man,coral,0.987771008,5.002536083,5.373704958
1,class,0,NA,114,100.0900777,man,coral,0.997155516,0.999100033,1.427833859
1,class,0,NA,121,99.94930406,man,coral,0.98431664,15.00760825,14.92304035
1,class,0,NA,122,99.94930406,man,coral,0.986956403,6.003043299,5.40302292
1,class,0,NA,123,99.80872838,man,coral,0.991956928,3.005749145,4.89367189
1,class,0,NA,124,99.94930406,man,coral,0.995089544,3.00152165,4.41908837
1,class,0,NA,126,99.94930406,man,coral,0.994320477,3.00152165,1.722034033
1,class,0,NA,131,100.0900777,man,coral,0.98231296,23.9784008,26.48198591
1,class,0,NA,132,100.0900777,man,coral,0.983233925,19.98200067,24.04529189
1,class,0,NA,133,99.94930406,man,coral,0.984984373,13.00659382,9.783086706
1,class,0,NA,134,100.0900777,man,coral,0.98657732,8.991900301,9.196452769
1,class,0,NA,135,100.0900777,man,coral,0.988990492,1.998200067,0.874147662
1,class,0,NA,136,100.0900777,man,coral,0.98999275,4.995500167,8.427147438
1,class,0,NA,137,100.0900777,man,coral,0.998182288,0.999100033,2.304948756
1,class,0,NA,141,99.94930406,man,coral,0.993542671,2.001014433,2.459539233
1,class,0,NA,142,99.94930406,man,coral,0.984960293,16.00811547,14.3376716
1,class,0,NA,143,99.80872838,man,coral,0.98384862,11.0210802,9.60960127
1,class,0,NA,144,99.94930406,man,coral,0.990647503,3.00152165,5.5260395
1,class,0,NA,145,99.94930406,man,coral,0.993614383,2.001014433,3.015193835
1,class,0,NA,146,99.94930406,man,coral,0.985944876,8.004057733,8.259741289
1,class,0,NA,147,99.94930406,man,coral,0.992150367,3.00152165,2.909213367
1,class,0,NA,148,99.80872838,man,coral,0.992497214,3.005749145,4.559611188
1,class,0,NA,151,100.0900777,man,coral,0.992814959,2.9973001,4.787536027
1,class,0,NA,152,100.0900777,man,coral,0.993748554,1.998200067,1.216764487
1,class,0,NA,153,99.94930406,man,coral,0.987058286,4.002028866,4.333313524
1,class,0,NA,154,100.0900777,man,coral,0.992210161,1.998200067,2.015544359
1,class,0,NA,155,100.0900777,man,coral,0.993227515,2.9973001,3.476017811
1,class,0,NA,156,100.0900777,man,coral,0.991801311,2.9973001,2.394954908
1,class,0,NA,157,100.0900777,man,coral,0.988277275,4.995500167,5.735271136
1,class,0,NA,162,100.0900777,man,coral,0.993304626,1.998200067,3.421816304
1,class,0,NA,163,99.94930406,man,coral,0.987598816,4.002028866,3.176244528
1,class,0,NA,164,100.0900777,man,coral,0.986136078,6.993700234,5.226291292
1,class,0,NA,165,100.0900777,man,coral,0.988917945,3.996400134,3.273454515
1,class,0,NA,166,100.0900777,man,coral,0.991179307,5.994600201,9.538476146
1,class,0,NA,167,100.0900777,man,coral,0.985460535,12.98830043,19.9592104
1,class,0,NA,168,99.94930406,man,coral,0.970118015,3.00152165,0.668964561
1,class,0,NA,171,99.94930406,man,coral,0.986974373,9.004564949,7.386739565
1,class,0,NA,172,99.94930406,man,coral,0.990959574,5.002536083,8.799350251
1,class,0,NA,174,99.94930406,man,coral,0.988028084,4.002028866,3.847982409
1,class,0,NA,175,99.94930406,man,coral,0.991061824,2.001014433,1.147362374
1,class,0,NA,176,99.94930406,man,coral,0.985093825,15.00760825,17.10861512
1,class,0,NA,177,99.94930406,man,coral,0.991644666,4.002028866,8.558467542
1,class,0,NA,178,99.80872838,man,coral,0.998160606,1.001916382,3.027375521
1,class,0,NA,181,100.0900777,man,coral,0.985487292,7.992800267,6.250778899
1,class,0,NA,182,100.0900777,man,coral,0.986158046,8.991900301,9.150559522
1,class,0,NA,184,100.0900777,man,coral,0.987503331,1.998200067,1.577778173
1,class,0,NA,186,100.0900777,man,coral,0.990805574,3.996400134,5.32757294
1,class,0,NA,187,100.0900777,man,coral,0.988837454,4.995500167,7.229966708
1,class,0,NA,188,99.94930406,man,coral,0.994531502,2.001014433,0.519997623
1,class,0,NA,191,99.94930406,man,coral,0.989189002,5.002536083,5.573384045
1,class,0,NA,192,99.94930406,man,coral,0.988228687,7.003550516,11.35219191
1,class,0,NA,193,99.80872838,man,coral,0.997892444,1.001916382,1.157905178
1,class,0,NA,194,99.94930406,man,coral,0.997040414,1.000507217,0.548919395
1,class,0,NA,195,99.94930406,man,coral,0.987075315,3.00152165,3.166934094
1,class,0,NA,196,99.94930406,man,coral,0.989033443,4.002028866,5.044274083
1,class,0,NA,197,99.94930406,man,coral,0.996544553,1.000507217,2.12931598
1,class,0,NA,201,100.0900777,man,coral,0.988345753,7.992800267,12.24439736
1,class,0,NA,202,100.0900777,man,coral,0.983720872,8.991900301,6.952035623
1,class,0,NA,203,99.94930406,man,coral,0.997623411,1.000507217,0.172936352
1,class,0,NA,204,100.0900777,man,coral,0.988038515,4.995500167,7.240648756
1,class,0,NA,205,100.0900777,man,coral,0.997597494,0.999100033,1.522389772
1,class,0,NA,206,100.0900777,man,coral,0.989345259,5.994600201,9.203376319
1,class,0,NA,207,100.0900777,man,coral,0.99473598,0.999100033,0.731324713
1,class,0,NA,210,100.0900777,man,coral,0.997623638,0.999100033,5.260315595
1,class,0,NA,212,99.94930406,man,coral,0.987761625,8.004057733,8.584615994
1,class,0,NA,213,99.80872838,man,coral,0.988429376,3.005749145,3.712953779
1,class,0,NA,214,99.94930406,man,coral,0.987448577,6.003043299,4.981280086
1,class,0,NA,215,99.94930406,man,coral,0.998294348,1.000507217,0.535845169
1,class,0,NA,216,99.94930406,man,coral,0.994815176,1.000507217,0.860917969
1,class,0,NA,221,100.0900777,man,coral,0.994616226,1.998200067,4.553322216
1,class,0,NA,222,100.0900777,man,coral,0.991357077,2.9973001,3.711418517
1,class,0,NA,223,99.94930406,man,coral,0.990763944,4.002028866,4.950575464
1,class,0,NA,224,100.0900777,man,coral,0.989904624,2.9973001,2.266770322
1,class,0,NA,225,100.0900777,man,coral,0.996870327,0.999100033,0.518474999
1,class,0,NA,226,100.0900777,man,coral,0.995627985,0.999100033,1.910702028
1,class,0,NA,232,99.94930406,man,coral,0.993375561,2.001014433,2.649313603
1,class,0,NA,233,99.80872838,man,coral,0.996678634,1.001916382,2.219996033
1,class,0,NA,236,99.94930406,man,coral,0.983221919,1.000507217,0.237713199
1,class,0,NA,241,100.0900777,man,coral,0.987233966,6.993700234,8.192537995
1,class,0,NA,242,100.0900777,man,coral,0.986594215,8.991900301,8.53515482
1,class,0,NA,243,99.94930406,man,coral,0.990124566,3.00152165,4.57043244
1,class,0,NA,1,100.0311061,vhu,coral,0.987304537,18.99409167,36.4182162
1,class,0,NA,2,99.91145171,vhu,coral,0.987284375,20.01772535,23.9860877
1,class,0,NA,3,100.0311061,vhu,coral,0.988894222,15.99502457,30.00114603
1,class,0,NA,4,100.0311061,vhu,coral,0.987669768,18.99409167,28.62175171
1,class,0,NA,5,99.91145171,vhu,coral,0.987620069,18.01595282,32.34909821
1,class,0,NA,6,99.91145171,vhu,coral,0.985264768,24.02127042,43.04664922
1,class,0,NA,7,100.0311061,vhu,coral,0.98517455,18.99409167,45.74750021
1,class,0,NA,8,100.0311061,vhu,coral,0.988102059,14.99533553,26.45044839
1,class,0,NA,9,99.91145171,vhu,coral,0.986816452,21.01861162,28.56653161
1,class,0,NA,10,100.0311061,vhu,coral,0.987304212,19.99378071,30.51342291
1,class,0,NA,11,100.0311061,vhu,coral,0.988350655,14.99533553,32.82998596
1,class,0,NA,12,99.91145171,vhu,coral,0.986967689,21.01861162,37.83584926
1,class,0,NA,13,100.0311061,vhu,coral,0.986935734,20.99346974,31.9776237
1,class,0,NA,14,100.0311061,vhu,coral,0.99007604,8.997201318,13.82173452
1,class,0,NA,15,99.91145171,vhu,coral,0.988286103,17.01506655,35.61318082
1,class,0,NA,16,99.91145171,vhu,coral,0.988826115,18.01595282,32.80963821
1,class,0,NA,17,100.0311061,vhu,coral,0.989264458,14.99533553,27.14050368
1,class,0,NA,18,100.0311061,vhu,coral,0.989658254,12.99595746,28.96312638
1,class,0,NA,19,99.91145171,vhu,coral,0.988952989,15.01329402,30.11610312
1,class,0,NA,20,100.0311061,vhu,coral,0.988865055,14.99533553,33.7746039
1,class,0,NA,21,100.0311061,vhu,coral,0.987456283,18.99409167,25.98215053
1,class,0,NA,22,99.91145171,vhu,coral,0.986810052,19.01683909,37.51385851
1,class,0,NA,23,100.0311061,vhu,coral,0.982703648,24.99222588,45.71512477
1,class,0,NA,24,100.0311061,vhu,coral,0.986514961,16.9947136,21.46950119
1,class,0,NA,25,99.91145171,vhu,coral,0.985521263,23.02038416,35.25146115
1,class,0,NA,26,99.91145171,vhu,coral,0.984213962,26.02304296,39.52755567
1,class,0,NA,27,100.0311061,vhu,coral,0.990855179,9.996890353,27.09165401
1,class,0,NA,28,100.0311061,vhu,coral,0.989645677,13.99564649,25.93115205
1,class,0,NA,29,99.91145171,vhu,coral,0.988706995,14.01240775,31.03101581
1,class,0,NA,30,100.0311061,vhu,coral,0.990779407,10.99657939,21.92547919
1,class,0,NA,31,100.0311061,vhu,coral,0.986203748,16.9947136,41.57808784
1,class,0,NA,32,99.91145171,vhu,coral,0.988545431,14.01240775,30.62096167
1,class,0,NA,33,100.0311061,vhu,coral,0.984323068,25.99191492,40.83574478
1,class,0,NA,34,100.0311061,vhu,coral,0.986445785,20.99346974,40.54264676
1,class,0,NA,35,99.91145171,vhu,coral,0.987136738,20.01772535,34.44469146
1,class,0,NA,36,99.91145171,vhu,coral,0.989407756,16.01418028,25.40083904
1,class,0,NA,37,100.0311061,vhu,coral,0.990075994,12.99595746,22.72569693
1,class,0,NA,38,100.0311061,vhu,coral,0.988611668,12.99595746,18.71486692
1,class,0,NA,39,99.91145171,vhu,coral,0.990540935,7.006203874,11.39474345
1,class,0,NA,40,100.0311061,vhu,coral,0.9920654,8.997201318,23.25287225
1,class,0,NA,41,100.0311061,vhu,coral,0.988196552,15.99502457,33.10890181
1,class,0,NA,42,99.91145171,vhu,coral,0.988572528,15.01329402,23.86216788
1,class,0,NA,43,100.0311061,vhu,coral,0.988144835,16.9947136,32.52943873
1,class,0,NA,44,100.0311061,vhu,coral,0.985739977,21.99315878,32.0704524
1,class,0,NA,45,99.91145171,vhu,coral,0.984216666,26.02304296,42.01427086
1,class,0,NA,46,99.91145171,vhu,coral,0.987394222,20.01772535,26.71232386
1,class,0,NA,47,100.0311061,vhu,coral,0.989692784,12.99595746,33.51846546
1,class,0,NA,48,100.0311061,vhu,coral,0.994007954,3.998756141,2.281179268
1,class,0,NA,49,99.91145171,vhu,coral,0.989791765,11.00974894,24.89282513
1,class,0,NA,50,100.0311061,vhu,coral,0.988779072,14.99533553,28.15918402
1,class,0,NA,51,100.0311061,vhu,coral,0.987982269,16.9947136,29.27226886
1,class,0,NA,52,99.91145171,vhu,coral,0.989201536,15.01329402,25.77489333
1,class,0,NA,53,100.0311061,vhu,coral,0.985604085,19.99378071,31.02870813
1,class,0,NA,54,100.0311061,vhu,coral,0.985921536,20.99346974,45.83030112
1,class,0,NA,55,99.91145171,vhu,coral,0.984927908,25.02215669,39.47678296
1,class,0,NA,56,99.91145171,vhu,coral,0.984899295,24.02127042,46.32794292
1,class,0,NA,57,100.0311061,vhu,coral,0.989754638,12.99595746,40.63475919
1,class,0,NA,58,100.0311061,vhu,coral,0.987695033,10.99657939,23.84551471
1,class,0,NA,59,99.91145171,vhu,coral,0.990854494,11.00974894,15.20283983
1,class,0,NA,60,100.0311061,vhu,coral,0.988055202,14.99533553,19.99928373
1,class,0,NA,61,100.0311061,vhu,coral,0.988518573,15.99502457,31.342578
1,class,0,NA,62,99.91145171,vhu,coral,0.988386545,16.01418028,34.59873068
1,class,0,NA,63,100.0311061,vhu,coral,0.987320554,15.99502457,22.11213936
1,class,0,NA,64,100.0311061,vhu,coral,0.985218589,22.99284781,36.3647824
1,class,0,NA,65,99.91145171,vhu,coral,0.984613294,22.01949789,38.73670623
1,class,0,NA,66,99.91145171,vhu,coral,0.986902415,21.01861162,30.53318513
1,class,0,NA,67,100.0311061,vhu,coral,0.989969423,12.99595746,31.11337134
1,class,0,NA,68,100.0311061,vhu,coral,0.987217323,15.99502457,21.95413002
1,class,0,NA,69,99.91145171,vhu,coral,0.989596543,13.01152148,22.67259493
1,class,0,NA,70,100.0311061,vhu,coral,0.990650236,11.99626842,37.57972094
1,class,0,NA,71,100.0311061,vhu,coral,0.988490602,13.99564649,27.88599834
1,class,0,NA,72,99.91145171,vhu,coral,0.988534056,15.01329402,29.06350174
1,class,0,NA,73,100.0311061,vhu,coral,0.986126022,17.99440264,37.44019139
1,class,0,NA,74,100.0311061,vhu,coral,0.985598387,21.99315878,38.2752199
1,class,0,NA,75,99.91145171,vhu,coral,0.98293614,24.02127042,43.48338054
1,class,0,NA,76,99.91145171,vhu,coral,0.985358232,20.01772535,36.63408512
1,class,0,NA,77,100.0311061,vhu,coral,0.989177629,11.99626842,22.70506833
1,class,0,NA,78,100.0311061,vhu,coral,0.987994202,16.9947136,33.42205541
1,class,0,NA,79,99.91145171,vhu,coral,0.990697911,11.00974894,28.69288967
1,class,0,NA,80,100.0311061,vhu,coral,0.990453617,11.99626842,18.60842907
1,class,0,NA,81,100.0311061,vhu,coral,0.988360367,13.99564649,26.30705097
1,class,0,NA,82,99.91145171,vhu,coral,0.9873574,17.01506655,33.51242425
1,class,0,NA,83,100.0311061,vhu,coral,0.986337951,19.99378071,40.87470991
1,class,0,NA,84,100.0311061,vhu,coral,0.984763321,26.99160395,37.00369596
1,class,0,NA,85,99.91145171,vhu,coral,0.98350132,26.02304296,38.11237405
1,class,0,NA,86,99.91145171,vhu,coral,0.985566381,24.02127042,30.64577432
1,class,0,NA,87,100.0311061,vhu,coral,0.987457035,16.9947136,25.96080566
1,class,0,NA,88,100.0311061,vhu,coral,0.987573952,18.99409167,30.59751311
1,class,0,NA,89,99.91145171,vhu,coral,0.988173193,15.01329402,29.14310302
1,class,0,NA,90,100.0311061,vhu,coral,0.994433463,4.998445177,9.095206716
1,class,0,NA,91,100.0311061,vhu,coral,0.986984445,20.99346974,33.22336189
1,class,0,NA,92,99.91145171,vhu,coral,0.988153914,14.01240775,21.53451181
1,class,0,NA,93,100.0311061,vhu,coral,0.98720876,18.99409167,26.30748073
1,class,0,NA,94,100.0311061,vhu,coral,0.985702491,19.99378071,24.31037447
1,class,0,NA,95,99.91145171,vhu,coral,0.989432383,16.01418028,24.85940693
1,class,0,NA,96,99.91145171,vhu,coral,0.987514604,19.01683909,39.68460683
1,class,0,NA,97,100.0311061,vhu,coral,0.988271227,21.99315878,31.82090365
1,class,0,NA,98,100.0311061,vhu,coral,0.988369607,18.99409167,34.38572616
1,class,0,NA,99,99.91145171,vhu,coral,0.984636526,18.01595282,15.57173079
1,class,0,NA,100,100.0311061,vhu,coral,0.988177363,12.99595746,22.09580838
1,class,0,NA,101,100.0311061,vhu,coral,0.985214737,21.99315878,36.95943042
1,class,0,NA,102,99.91145171,vhu,coral,0.98765879,16.01418028,29.31392305
1,class,0,NA,103,100.0311061,vhu,coral,0.983450641,25.99191492,36.84869495
1,class,0,NA,104,100.0311061,vhu,coral,0.986109978,21.99315878,28.623041
1,class,0,NA,105,99.91145171,vhu,coral,0.986873176,18.01595282,38.38832515
1,class,0,NA,106,99.91145171,vhu,coral,0.988676708,16.01418028,28.70493743
1,class,0,NA,107,100.0311061,vhu,coral,0.989173942,16.9947136,25.01088732
1,class,0,NA,108,100.0311061,vhu,coral,0.988806995,6.997823247,7.279030456
1,class,0,NA,109,99.91145171,vhu,coral,0.989244672,11.00974894,15.2171824
1,class,0,NA,110,100.0311061,vhu,coral,0.987489971,16.9947136,23.97888434
1,class,0,NA,111,100.0311061,vhu,coral,0.985431647,20.99346974,34.92163997
1,class,0,NA,112,99.91145171,vhu,coral,0.987397971,16.01418028,21.48804188
1,class,0,NA,113,100.0311061,vhu,coral,0.987772794,17.99440264,24.58055182
1,class,0,NA,114,100.0311061,vhu,coral,0.987437867,19.99378071,38.00045841
1,class,0,NA,115,99.91145171,vhu,coral,0.988415868,16.01418028,25.34275162
1,class,0,NA,116,99.91145171,vhu,coral,0.990312157,12.01063521,37.71680591
1,class,0,NA,117,100.0311061,vhu,coral,0.985196622,21.99315878,39.69615792
1,class,0,NA,118,100.0311061,vhu,coral,0.991533844,6.997823247,10.61112225
1,class,0,NA,119,99.91145171,vhu,coral,0.990387891,9.007976409,12.11301947
1,class,0,NA,120,100.0311061,vhu,coral,0.988631376,15.99502457,33.52749047
1,class,0,NA,121,100.1509039,vhu,coral,0.985166316,22.96534441,39.90794052
1,class,0,NA,122,100.0311061,vhu,coral,0.985271689,21.99315878,41.03343552
1,class,0,NA,123,100.1509039,vhu,coral,0.988004261,18.97137147,29.06026075
1,class,0,NA,124,100.1509039,vhu,coral,0.988682747,16.974385,34.67525927
1,class,0,NA,125,100.0311061,vhu,coral,0.989151689,12.99595746,20.80609117
1,class,0,NA,126,100.0311061,vhu,coral,0.988352763,14.99533553,27.34191903
1,class,0,NA,127,100.1509039,vhu,coral,0.987937849,17.97287823,32.99890112
1,class,0,NA,128,100.1509039,vhu,coral,0.988107892,13.97890529,24.36642934
1,class,0,NA,129,100.0311061,vhu,coral,0.990489738,10.99657939,30.33865284
1,class,0,NA,130,100.1509039,vhu,coral,0.990059509,13.97890529,25.56775257
1,class,0,NA,131,100.0311061,vhu,coral,0.989869463,15.99502457,29.58642524
1,class,0,NA,132,99.91145171,vhu,coral,0.986229798,20.01772535,32.43242856
1,class,0,NA,133,100.0311061,vhu,coral,0.986064295,20.99346974,27.6817179
1,class,0,NA,134,100.0311061,vhu,coral,0.990631281,9.996890353,24.9449904
1,class,0,NA,135,99.91145171,vhu,coral,0.985119484,21.01861162,39.96156191
1,class,0,NA,136,99.91145171,vhu,coral,0.987354232,19.01683909,32.76431568
1,class,0,NA,137,100.0311061,vhu,coral,0.990066258,7.997512283,12.47356961
1,class,0,NA,138,100.0311061,vhu,coral,0.988877802,11.99626842,18.09629545
1,class,0,NA,139,99.91145171,vhu,coral,0.987873648,15.01329402,26.8692316
1,class,0,NA,140,100.0311061,vhu,coral,0.986021526,20.99346974,36.12082056
1,class,0,NA,141,100.0311061,vhu,coral,0.989895538,14.99533553,37.2788872
1,class,0,NA,142,99.91145171,vhu,coral,0.986730803,21.01861162,35.05482448
1,class,0,NA,143,100.0311061,vhu,coral,0.986499457,20.99346974,36.60000573
1,class,0,NA,144,100.0311061,vhu,coral,0.988225608,14.99533553,37.22975102
1,class,0,NA,145,99.91145171,vhu,coral,0.983889912,22.01949789,44.1382624
1,class,0,NA,146,99.91145171,vhu,coral,0.991191169,7.006203874,9.339022554
1,class,0,NA,147,100.0311061,vhu,coral,0.989889933,12.99595746,35.58676905
1,class,0,NA,148,100.0311061,vhu,coral,0.986644535,18.99409167,27.45208148
1,class,0,NA,149,99.91145171,vhu,coral,0.990587886,11.00974894,15.90275736
1,class,0,NA,150,100.0311061,vhu,coral,0.982341498,25.99191492,47.17760651
1,class,0,NA,151,100.0311061,vhu,coral,0.989047139,14.99533553,24.51666046
1,class,0,NA,152,99.91145171,vhu,coral,0.99051789,10.00886268,19.61260712
1,class,0,NA,153,100.0311061,vhu,coral,0.988257422,17.99440264,28.03383663
1,class,0,NA,154,100.0311061,vhu,coral,0.98846185,15.99502457,24.37254677
1,class,0,NA,155,99.91145171,vhu,coral,0.987016448,21.01861162,28.99336656
1,class,0,NA,156,99.91145171,vhu,coral,0.98896052,16.01418028,31.48954785
1,class,0,NA,157,100.0311061,vhu,coral,0.988570153,13.99564649,24.52969659
1,class,0,NA,158,100.0311061,vhu,coral,0.989583819,12.99595746,22.39506633
1,class,0,NA,159,99.91145171,vhu,coral,0.987095198,16.01418028,31.90089283
1,class,0,NA,160,100.0311061,vhu,coral,0.987348307,15.99502457,26.23198579
1,class,0,NA,161,100.0311061,vhu,coral,0.986400532,16.9947136,41.11050626
1,class,0,NA,162,99.91145171,vhu,coral,0.987300984,10.00886268,11.12080032
1,class,0,NA,163,100.0311061,vhu,coral,0.990139267,9.996890353,15.84305074
1,class,0,NA,164,100.0311061,vhu,coral,0.989126845,14.99533553,23.63364181
1,class,0,NA,165,99.91145171,vhu,coral,0.984983707,26.02304296,29.94427911
1,class,0,NA,166,99.91145171,vhu,coral,0.983239561,25.02215669,41.05948582
1,class,0,NA,167,100.0311061,vhu,coral,0.986035787,19.99378071,35.82084635
1,class,0,NA,168,100.0311061,vhu,coral,0.985695759,18.99409167,31.74626823
1,class,0,NA,169,99.91145171,vhu,coral,0.987853584,19.01683909,29.88059809
1,class,0,NA,170,100.0311061,vhu,coral,0.990480543,9.996890353,16.4250924
1,class,0,NA,171,100.0311061,vhu,coral,0.990198249,4.998445177,5.577314271
1,class,0,NA,172,99.91145171,vhu,coral,0.989953372,15.01329402,20.68026821
1,class,0,NA,173,100.0311061,vhu,coral,0.989526179,13.99564649,18.6677363
1,class,0,NA,174,100.0311061,vhu,coral,0.989085045,13.99564649,22.17330888
1,class,0,NA,175,99.91145171,vhu,coral,0.987955124,20.01772535,31.6387106
1,class,0,NA,176,99.91145171,vhu,coral,0.986468235,21.01861162,35.42672738
1,class,0,NA,177,100.0311061,vhu,coral,0.985711713,22.99284781,34.68555712
1,class,0,NA,178,100.0311061,vhu,coral,0.989102649,15.99502457,27.13233819
1,class,0,NA,179,99.91145171,vhu,coral,0.990517272,9.007976409,11.64745957
1,class,0,NA,180,100.0311061,vhu,coral,0.989424378,12.99595746,27.14121995
1,class,0,NA,181,100.0311061,vhu,coral,0.990360753,8.997201318,16.17239206
1,class,0,NA,182,99.91145171,vhu,coral,0.985455973,20.01772535,35.20570834
1,class,0,NA,183,100.0311061,vhu,coral,0.988768491,16.9947136,26.32323869
1,class,0,NA,184,100.0311061,vhu,coral,0.988249739,15.99502457,26.29573389
1,class,0,NA,185,99.91145171,vhu,coral,0.987060035,20.01772535,37.19746136
1,class,0,NA,186,99.91145171,vhu,coral,0.985587541,25.02215669,38.50708165
1,class,0,NA,187,100.0311061,vhu,coral,0.98638594,19.99378071,33.41260064
1,class,0,NA,188,100.0311061,vhu,coral,0.986917319,11.99626842,10.31917027
1,class,0,NA,189,99.91145171,vhu,coral,0.987374571,17.01506655,21.06751766
1,class,0,NA,190,100.0311061,vhu,coral,0.989379982,13.99564649,30.13838352
1,class,0,NA,191,100.0311061,vhu,coral,0.989664707,11.99626842,22.47786723
1,class,0,NA,192,99.91145171,vhu,coral,0.987405572,18.01595282,32.47344831
1,class,0,NA,193,100.0311061,vhu,coral,0.988007777,15.99502457,26.86588545
1,class,0,NA,194,100.0311061,vhu,coral,0.987114745,18.99409167,20.21788958
1,class,0,NA,195,99.91145171,vhu,coral,0.986846623,20.01772535,27.70052709
1,class,0,NA,196,99.91145171,vhu,coral,0.985246339,23.02038416,35.07103159
1,class,0,NA,197,100.0311061,vhu,coral,0.984936978,26.99160395,31.58997794
1,class,0,NA,198,100.0311061,vhu,coral,0.985781457,23.99253685,30.54207375
1,class,0,NA,199,99.91145171,vhu,coral,0.984006238,23.02038416,37.50138047
1,class,0,NA,200,100.0311061,vhu,coral,0.986836236,18.99409167,25.3546973
1,class,0,NA,201,100.0311061,vhu,coral,0.988982471,13.99564649,29.8846804
1,class,0,NA,202,99.91145171,vhu,coral,0.988817453,15.01329402,23.01538241
1,class,0,NA,203,100.0311061,vhu,coral,0.986691158,18.99409167,25.39581125
1,class,0,NA,204,100.0311061,vhu,coral,0.988191992,17.99440264,24.06326104
1,class,0,NA,205,99.91145171,vhu,coral,0.985844271,22.01949789,40.29560042
1,class,0,NA,206,99.91145171,vhu,coral,0.98525358,26.02304296,35.37925347
1,class,0,NA,207,100.0311061,vhu,coral,0.984338535,23.99253685,40.84090193
1,class,0,NA,208,100.0311061,vhu,coral,0.986475628,19.99378071,34.09391743
1,class,0,NA,209,99.91145171,vhu,coral,0.988849072,16.01418028,27.21474416
1,class,0,NA,210,100.0311061,vhu,coral,0.985828169,20.99346974,40.29338452
1,class,0,NA,211,100.0311061,vhu,coral,0.990525466,12.99595746,30.52259118
1,class,0,NA,212,99.91145171,vhu,coral,0.988175658,16.01418028,30.36738499
1,class,0,NA,213,100.0311061,vhu,coral,0.987450208,18.99409167,32.39277426
1,class,0,NA,214,100.0311061,vhu,coral,0.988381449,15.99502457,22.41741398
1,class,0,NA,215,99.91145171,vhu,coral,0.988404469,15.01329402,17.69328409
1,class,0,NA,216,99.91145171,vhu,coral,0.988137616,15.01329402,26.17634193
1,class,0,NA,217,100.0311061,vhu,coral,0.98585912,19.99378071,31.12296937
1,class,0,NA,218,100.0311061,vhu,coral,0.986948149,17.99440264,25.03925164
1,class,0,NA,219,99.91145171,vhu,coral,0.98999828,12.01063521,17.16146151
1,class,0,NA,220,100.0311061,vhu,coral,0.988108533,14.99533553,23.59983383
1,class,0,NA,221,100.0311061,vhu,coral,0.990384012,8.997201318,14.00825144
1,class,0,NA,222,99.91145171,vhu,coral,0.987039407,19.01683909,29.06694396
1,class,0,NA,223,100.0311061,vhu,coral,0.985943044,20.99346974,32.46755293
1,class,0,NA,224,100.0311061,vhu,coral,0.987500627,18.99409167,30.92986276
1,class,0,NA,225,99.91145171,vhu,coral,0.989007038,16.01418028,25.00885654
1,class,0,NA,226,99.91145171,vhu,coral,0.98936412,12.01063521,16.92538277
1,class,0,NA,227,100.0311061,vhu,coral,0.98881468,14.99533553,28.70928
1,class,0,NA,228,100.0311061,vhu,coral,0.9901218,13.99564649,25.53319199
1,class,0,NA,229,99.91145171,vhu,coral,0.985946322,23.02038416,33.55086235
1,class,0,NA,230,100.0311061,vhu,coral,0.98726118,17.99440264,28.09830101
1,class,0,NA,231,100.0311061,vhu,coral,0.985824497,21.99315878,30.94519096
1,class,0,NA,232,99.91145171,vhu,coral,0.986596402,23.02038416,28.90028327
1,class,0,NA,233,100.0311061,vhu,coral,0.985362752,20.99346974,29.40864682
1,class,0,NA,234,100.0311061,vhu,coral,0.984651203,22.99284781,41.59098072
1,class,0,NA,235,99.91145171,vhu,coral,0.985810485,23.02038416,35.42142063
1,class,0,NA,236,99.91145171,vhu,coral,0.988317779,16.01418028,19.02499193
1,class,0,NA,237,100.0311061,vhu,coral,0.988725222,15.99502457,24.66707733
1,class,0,NA,238,100.0311061,vhu,coral,0.988021803,13.99564649,20.51800705
1,class,0,NA,239,99.91145171,vhu,coral,0.98698333,20.01772535,32.07185629
1,class,0,NA,240,100.0311061,vhu,coral,0.986156392,19.99378071,21.34100221
1,class,0,NA,241,100.0311061,vhu,coral,0.985401583,20.99346974,26.90556686
1,class,0,NA,242,99.91145171,vhu,coral,0.986373705,23.02038416,26.2843415
1,class,0,NA,243,100.0311061,vhu,coral,0.987013995,19.99378071,25.37546916
1,class,0,NA,244,100.0311061,vhu,coral,0.986727563,15.99502457,26.308197
1,class,0,NA,245,99.91145171,vhu,coral,0.98673839,21.01861162,36.58775861
1,class,0,NA,246,99.91145171,vhu,coral,0.986686289,21.01861162,32.45408584
1,class,0,NA,247,100.0311061,vhu,coral,0.98428159,27.99129299,33.98160617
1,class,0,NA,248,100.0311061,vhu,coral,0.985670361,20.99346974,30.63432943
1,class,0,NA,249,99.91145171,vhu,coral,0.986834776,21.01861162,28.70938363
1,class,0,NA,250,100.0311061,vhu,coral,0.986950614,20.99346974,29.7609088
